"# background genes","# genes","category","chart color","description","FDR value","genes","network.SUID","nodes.SUID","p-value","PMID","term name","transferred FDR value","year"
"60","16","KEGG Pathways","","Steroid hormone biosynthesis","3.51E-32","SULT2B1|UGT2B4|UGT2B17|UGT2B28|UGT2B15|CYP1A2|UGT1A9|HSD11B1|UGT1A5|AKR1C3|CYP1A1|CYP19A1|UGT2B11|UGT1A3|HSD17B6|UGT2A2","4406","4837|4849|4867|4894|4876|4549|4954|4561|4942|4528|4555|4543|4930|4948|4870|4936","1.05E-34","","hsa00140","3.1454692883534174","0"
"71","14","STRING Clusters","","Steroid hormone biosynthesis, and Arachidonic acid monooxygenase activity","8.96E-25","UGT2B4|UGT2B17|UGT2B28|UGT2B15|CYP1A2|UGT1A9|HSD11B1|UGT1A5|AKR1C3|CYP19A1|UGT2B11|UGT1A3|HSD17B6|UGT2A2","4406","4849|4867|4894|4876|4549|4954|4561|4942|4528|4543|4930|4948|4870|4936","1.96E-28","","CL:9388","2.4047691990337876","0"
"129","15","STRING Clusters","","Steroid hormone biosynthesis, and Oxidation by cytochrome P450","4.51E-24","SULT2B1|UGT2B4|UGT2B17|UGT2B28|UGT2B15|CYP1A2|UGT1A9|HSD11B1|UGT1A5|AKR1C3|CYP19A1|UGT2B11|UGT1A3|HSD17B6|UGT2A2","4406","4837|4849|4867|4894|4876|4549|4954|4561|4942|4528|4543|4930|4948|4870|4936","1.97E-27","","CL:9386","2.334582345812204","0"
"180","15","WikiPathways","","Metapathway biotransformation Phase I and II","1.75E-22","SULT2B1|AKR1B1|UGT2B4|UGT2B17|UGT2B28|UGT2B15|CYP1A2|UGT1A9|UGT1A5|AKR1C3|CYP1A1|CYP19A1|UGT2B11|UGT1A3|UGT2A2","4406","4837|4525|4849|4867|4894|4876|4549|4954|4942|4528|4555|4543|4930|4948|4936","2.24E-25","","WP702","2.1756961951313705","0"
"65","12","KEGG Pathways","","Retinol metabolism","1.12E-21","UGT2B4|UGT2B17|UGT2B28|UGT2B15|CYP1A2|UGT1A9|UGT1A5|CYP1A1|UGT2B11|UGT1A3|HSD17B6|UGT2A2","4406","4849|4867|4894|4876|4549|4954|4942|4555|4930|4948|4870|4936","6.67E-24","","hsa00830","2.095078197732982","0"
"69","12","KEGG Pathways","","Metabolism of xenobiotics by cytochrome P450","1.43E-21","UGT2B4|UGT2B17|UGT2B28|UGT2B15|CYP1A2|UGT1A9|HSD11B1|UGT1A5|CYP1A1|UGT2B11|UGT1A3|UGT2A2","4406","4849|4867|4894|4876|4549|4954|4561|4942|4555|4930|4948|4936","1.28E-23","","hsa00980","2.084466396253494","0"
"76","12","KEGG Pathways","","Chemical carcinogenesis","3.11E-21","UGT2B4|UGT2B17|UGT2B28|UGT2B15|CYP1A2|UGT1A9|HSD11B1|UGT1A5|CYP1A1|UGT2B11|UGT1A3|UGT2A2","4406","4849|4867|4894|4876|4549|4954|4561|4942|4555|4930|4948|4936","3.71E-23","","hsa05204","2.050723961097316","0"
"258","16","GO Biological Process","","Steroid metabolic process","4.37E-21","SULT2B1|AKR1B1|UGT2B4|UGT2B17|UGT2B28|UGT2B15|CYP1A2|HSD11B1|AKR1C3|CYP1A1|CYP19A1|UGT2B11|UGT1A3|HSD17B6|ACLY|UGT2A2","4406","4837|4525|4849|4867|4894|4876|4549|4561|4528|4555|4543|4930|4948|4870|4579|4936","2.79E-25","","GO:0008202","2.0359518563029577","0"
"33","10","KEGG Pathways","","Pentose and glucuronate interconversions","5.9E-20","AKR1B1|UGT2B4|UGT2B17|UGT2B28|UGT2B15|UGT1A9|UGT1A5|UGT2B11|UGT1A3|UGT2A2","4406","4525|4849|4867|4894|4876|4954|4942|4930|4948|4936","8.79E-22","","hsa00040","1.9229147988357855","0"
"132","13","UniProt Keywords","","Microsome","7.64E-20","SULT2B1|UGT2B4|UGT2B17|UGT2B28|UGT2B15|CYP1A2|UGT1A9|UGT1A5|CYP1A1|CYP19A1|UGT2B11|UGT1A3|HSD17B6","4406","4837|4849|4867|4894|4876|4549|4954|4942|4555|4543|4930|4948|4870","1.14E-22","","KW-0492","1.9116906641424312","0"
"131","13","GO Biological Process","","Cellular hormone metabolic process","8.12E-19","AKR1B1|UGT2B4|UGT2B17|UGT2B28|UGT2B15|CYP1A2|UGT1A9|AKR1C3|CYP1A1|CYP19A1|UGT2B11|UGT1A3|HSD17B6","4406","4525|4849|4867|4894|4876|4549|4954|4528|4555|4543|4930|4948|4870","1.04E-22","","GO:0034754","1.8090443970758823","0"
"26","9","KEGG Pathways","","Ascorbate and aldarate metabolism","2.56E-18","UGT2B4|UGT2B17|UGT2B28|UGT2B15|UGT1A9|UGT1A5|UGT2B11|UGT1A3|UGT2A2","4406","4849|4867|4894|4876|4954|4942|4930|4948|4936","4.57E-20","","hsa00053","1.759176003468815","0"
"25","9","WikiPathways","","Glucuronidation","1.33E-17","UGT2B4|UGT2B17|UGT2B28|UGT2B15|UGT1A9|UGT1A5|UGT2B11|UGT1A3|UGT2A2","4406","4849|4867|4894|4876|4954|4942|4930|4948|4936","3.4E-20","","WP698","1.6876148359032914","0"
"64","10","KEGG Pathways","","Drug metabolism - cytochrome P450","1.55E-17","UGT2B4|UGT2B17|UGT2B28|UGT2B15|CYP1A2|UGT1A9|UGT1A5|UGT2B11|UGT1A3|UGT2A2","4406","4849|4867|4894|4876|4549|4954|4942|4930|4948|4936","3.23E-19","","hsa00982","1.680966830182971","0"
"48","10","STRING Clusters","","Retinol metabolism, and CYP2E1 reactions","2.17E-17","UGT2B4|UGT2B17|UGT2B28|UGT2B15|CYP1A2|UGT1A9|UGT1A5|UGT2B11|UGT1A3|UGT2A2","4406","4849|4867|4894|4876|4549|4954|4942|4930|4948|4936","2.37E-20","","CL:9389","1.666354026615147","0"
"19","9","GO Biological Process","","Cellular glucuronidation","2.35E-17","UGT2B4|UGT2B17|UGT2B28|UGT2B15|UGT1A9|UGT1A5|UGT2B11|UGT1A3|UGT2A2","4406","4849|4867|4894|4876|4954|4942|4930|4948|4936","4.49E-21","","GO:0052695","1.6628932137728263","0"
"23","9","Pfam","","Glycosyltransferase family 28 C-terminal domain","4.21E-17","UGT2B4|UGT2B17|UGT2B28|UGT2B15|UGT1A9|UGT1A5|UGT2B11|UGT1A3|UGT2A2","4406","4849|4867|4894|4876|4954|4942|4930|4948|4936","1.82E-20","","PF04101","1.6375717904164333","0"
"41","9","KEGG Pathways","","Porphyrin and chlorophyll metabolism","6.75E-17","UGT2B4|UGT2B17|UGT2B28|UGT2B15|UGT1A9|UGT1A5|UGT2B11|UGT1A3|UGT2A2","4406","4849|4867|4894|4876|4954|4942|4930|4948|4936","1.61E-18","","hsa00860","1.6170696227168975","0"
"34","9","GO Molecular Function","","Glucuronosyltransferase activity","1.79E-15","UGT2B4|UGT2B17|UGT2B28|UGT2B15|UGT1A9|UGT1A5|UGT2B11|UGT1A3|UGT2A2","4406","4849|4867|4894|4876|4954|4942|4930|4948|4936","3.63E-19","","GO:0015020","1.4747146969020108","0"
"43","9","STRING Clusters","","Retinol metabolism, and CYP2E1 reactions","1.8E-15","UGT2B17|UGT2B28|UGT2B15|CYP1A2|UGT1A9|UGT1A5|UGT2B11|UGT1A3|UGT2A2","4406","4867|4894|4876|4549|4954|4942|4930|4948|4936","2.36E-18","","CL:9391","1.4744727494896694","0"
"39","9","GO Biological Process","","Estrogen metabolic process","2.41E-15","UGT2B4|UGT2B17|UGT2B28|UGT2B15|CYP1A2|CYP1A1|CYP19A1|UGT2B11|UGT1A3","4406","4849|4867|4894|4876|4549|4555|4543|4930|4948","1.08E-18","","GO:0008210","1.461798295742513","0"
"1435","18","KEGG Pathways","","Metabolic pathways","3.26E-15","AKR1B1|UGT2B4|EZH2|UGT2B17|UGT2B28|UGT2B15|CYP1A2|UGT1A9|HSD11B1|UGT1A5|AKR1C3|CYP1A1|CYP19A1|UGT2B11|UGT1A3|HSD17B6|ACLY|UGT2A2","4406","4525|4849|4498|4867|4894|4876|4549|4954|4561|4942|4528|4555|4543|4930|4948|4870|4579|4936","8.73E-17","","hsa01100","1.448678239993206","0"
"74","9","KEGG Pathways","","Drug metabolism - other enzymes","6.93E-15","UGT2B4|UGT2B17|UGT2B28|UGT2B15|UGT1A9|UGT1A5|UGT2B11|UGT1A3|UGT2A2","4406","4849|4867|4894|4876|4954|4942|4930|4948|4936","2.06E-16","","hsa00983","1.4159266765388192","0"
"23","8","Reactome Pathways","","Glucuronidation","1.11E-14","UGT2B4|UGT2B17|UGT2B28|UGT2B15|UGT1A9|UGT1A5|UGT2B11|UGT1A3","4406","4849|4867|4894|4876|4954|4942|4930|4948","6.72E-18","","HSA-156588","1.3954677021213342","0"
"215","12","Reactome Pathways","","Biological oxidations","1.11E-14","SULT2B1|UGT2B4|UGT2B17|UGT2B28|UGT2B15|CYP1A2|UGT1A9|UGT1A5|CYP1A1|CYP19A1|UGT2B11|UGT1A3","4406","4837|4849|4867|4894|4876|4549|4954|4942|4555|4543|4930|4948","4.88E-18","","HSA-211859","1.3954677021213342","0"
"104","10","Reactome Pathways","","Phase II - Conjugation of compounds","2.27E-14","SULT2B1|UGT2B4|UGT2B17|UGT2B28|UGT2B15|CYP1A2|UGT1A9|UGT1A5|UGT2B11|UGT1A3","4406","4837|4849|4867|4894|4876|4549|4954|4942|4930|4948","2.99E-17","","HSA-156580","1.3643974142806878","0"
"21","8","InterPro Domains","","UDP-glucuronosyl/UDP-glucosyltransferase","2.63E-14","UGT2B4|UGT2B17|UGT2B28|UGT2B15|UGT1A9|UGT1A5|UGT2B11|UGT1A3","4406","4849|4867|4894|4876|4954|4942|4930|4948","3.66E-18","","IPR002213","1.3580044251510244","0"
"21","8","InterPro Domains","","UDP-glycosyltransferase family, conserved site","2.63E-14","UGT2B4|UGT2B17|UGT2B28|UGT2B15|UGT1A9|UGT1A5|UGT2B11|UGT1A3","4406","4849|4867|4894|4876|4954|4942|4930|4948","3.66E-18","","IPR035595","1.3580044251510244","0"
"88","9","KEGG Pathways","","Bile secretion","2.72E-14","UGT2B4|UGT2B17|UGT2B28|UGT2B15|UGT1A9|UGT1A5|UGT2B11|UGT1A3|UGT2A2","4406","4849|4867|4894|4876|4954|4942|4930|4948|4936","8.89E-16","","hsa04976","1.35654310959658","0"
"502","14","GO Biological Process","","Monocarboxylic acid metabolic process","7.64E-14","AKR1B1|UGT2B4|UGT2B17|UGT2B28|UGT2B15|CYP1A2|UGT1A9|UGT1A5|AKR1C3|CYP1A1|UGT2B11|UGT1A3|ACLY|UGT2A2","4406","4525|4849|4867|4894|4876|4549|4954|4942|4528|4555|4930|4948|4579|4936","3.9E-17","","GO:0032787","1.3116906641424309","0"
"38","8","STRING Clusters","","Retinol metabolism, and CYP2E1 reactions","1.44E-13","UGT2B17|UGT2B28|UGT2B15|CYP1A2|UGT1A9|UGT1A5|UGT2B11|UGT1A3","4406","4867|4894|4876|4549|4954|4942|4930|4948","2.2E-16","","CL:9392","1.284163750790475","0"
"42","8","Reactome Pathways","","Aspirin ADME","2.58E-13","UGT2B4|UGT2B17|UGT2B28|UGT2B15|UGT1A9|UGT1A5|UGT2B11|UGT1A3","4406","4849|4867|4894|4876|4954|4942|4930|4948","4.51E-16","","HSA-9749641","1.258838029403677","0"
"1210","17","GO Biological Process","","Lipid metabolic process","3.47E-13","SULT2B1|AKR1B1|UGT2B4|UGT2B17|UGT2B28|UGT2B15|CYP1A2|UGT1A9|HSD11B1|AKR1C3|CYP1A1|CYP19A1|UGT2B11|UGT1A3|HSD17B6|ACLY|UGT2A2","4406","4837|4525|4849|4867|4894|4876|4549|4954|4561|4528|4555|4543|4930|4948|4870|4579|4936","1.99E-16","","GO:0006629","1.2459670525209128","0"
"1645","18","GO Biological Process","","Small molecule metabolic process","1.49E-12","SULT2B1|AKR1B1|UGT2B4|UGT2B17|UGT2B28|UGT2B15|CYP1A2|UGT1A9|UGT1A5|AKR1C3|CYP1A1|CYP19A1|UGT2B11|UGT1A3|HSD17B6|AKT1|ACLY|UGT2A2","4406","4837|4525|4849|4867|4894|4876|4549|4954|4942|4528|4555|4543|4930|4948|4870|4534|4579|4936","9.51E-16","","GO:0044281","1.1826813731587726","0"
"846","15","GO Biological Process","","Oxoacid metabolic process","1.79E-12","SULT2B1|AKR1B1|UGT2B4|UGT2B17|UGT2B28|UGT2B15|CYP1A2|UGT1A9|UGT1A5|AKR1C3|CYP1A1|UGT2B11|UGT1A3|ACLY|UGT2A2","4406","4837|4525|4849|4867|4894|4876|4549|4954|4942|4528|4555|4930|4948|4579|4936","1.25E-15","","GO:0043436","1.1747146969020108","0"
"105","9","Reactome Pathways","","Drug ADME","1.82E-12","UGT2B4|UGT2B17|UGT2B28|UGT2B15|UGT1A9|HSD11B1|UGT1A5|UGT2B11|UGT1A3","4406","4849|4867|4894|4876|4954|4561|4942|4930|4948","3.99E-15","","HSA-9748784","1.1739928612014925","0"
"2092","17","Reactome Pathways","","Metabolism","6.02E-10","SULT2B1|AKR1B1|UGT2B4|UGT2B17|UGT2B28|UGT2B15|CYP1A2|UGT1A9|HSD11B1|UGT1A5|AKR1C3|CYP1A1|CYP19A1|UGT2B11|UGT1A3|AKT1|ACLY","4406","4837|4525|4849|4867|4894|4876|4549|4954|4561|4942|4528|4555|4543|4930|4948|4534|4579","1.58E-12","","HSA-1430728","0.9220403508742174","0"
"1168","14","UniProt Keywords","","Endoplasmic reticulum","1.06E-9","SULT2B1|UGT2B4|UGT2B17|UGT2B28|UGT2B15|CYP1A2|UGT1A9|HSD11B1|UGT1A5|CYP1A1|CYP19A1|UGT2B11|UGT1A3|HSD17B6","4406","4837|4849|4867|4894|4876|4549|4954|4561|4942|4555|4543|4930|4948|4870","3.51E-12","","KW-0256","0.897469413473523","0"
"228","9","UniProt Keywords","","Glycosyltransferase","1.06E-9","UGT2B4|UGT2B17|UGT2B28|UGT2B15|UGT1A9|UGT1A5|UGT2B11|UGT1A3|UGT2A2","4406","4849|4867|4894|4876|4954|4942|4930|4948|4936","3.17E-12","","KW-0328","0.897469413473523","0"
"32","6","STRING Clusters","","Retinol metabolism","1.91E-9","UGT2B28|CYP1A2|UGT1A9|UGT1A5|UGT2B11|UGT1A3","4406","4894|4549|4954|4942|4930|4948","3.33E-12","","CL:9393","0.8718966632752272","0"
"85","7","GO Biological Process","","Retinoid metabolic process","9.19E-9","AKR1B1|CYP1A2|UGT1A9|AKR1C3|CYP1A1|UGT1A3|HSD17B6","4406","4525|4549|4954|4528|4555|4948|4870","8.79E-12","","GO:0001523","0.8036684488613888","0"
"115","7","GO Biological Process","","Xenobiotic metabolic process","5.73E-8","UGT2B28|UGT2B15|CYP1A2|UGT1A9|CYP1A1|UGT2B11|UGT1A3","4406","4894|4876|4549|4954|4555|4930|4948","6.58E-11","","GO:0006805","0.724184537803261","0"
"478","10","GO Biological Process","","Organic hydroxy compound metabolic process","5.73E-8","SULT2B1|AKR1B1|CYP1A2|AKR1C3|CYP1A1|CYP19A1|UGT1A3|HSD17B6|ACLY|UGT2A2","4406","4837|4525|4549|4528|4555|4543|4948|4870|4579|4936","6.73E-11","","GO:1901615","0.724184537803261","0"
"1157","13","GO Cellular Component","","Endoplasmic reticulum membrane","1.42E-7","UGT2B4|UGT2B17|UGT2B28|UGT2B15|CYP1A2|UGT1A9|HSD11B1|UGT1A5|CYP1A1|CYP19A1|UGT2B11|UGT1A3|UGT2A2","4406","4849|4867|4894|4876|4549|4954|4561|4942|4555|4543|4930|4948|4936","6.92E-11","","GO:0005789","0.6847711655616944","0"
"2021","15","GO Cellular Component","","Endoplasmic reticulum","1.72E-7","SULT2B1|UGT2B4|UGT2B17|UGT2B28|UGT2B15|CYP1A2|UGT1A9|HSD11B1|UGT1A5|CYP1A1|CYP19A1|UGT2B11|UGT1A3|HSD17B6|UGT2A2","4406","4837|4849|4867|4894|4876|4549|4954|4561|4942|4555|4543|4930|4948|4870|4936","3.37E-10","","GO:0005783","0.6764471553092452","0"
"7","4","GO Biological Process","","Xenobiotic glucuronidation","3.44E-7","UGT2B28|UGT1A9|UGT2B11|UGT1A3","4406","4894|4954|4930|4948","4.61E-10","","GO:0052697","0.646344155742847","0"
"5522","21","GO Molecular Function","","Catalytic activity","3.46E-7","HDAC7|SULT2B1|AKR1B1|UGT2B4|EZH2|UGT2B17|UGT2B28|UGT2B15|CYP1A2|UGT1A9|HSD11B1|UGT1A5|AKR1C3|CYP1A1|CYP19A1|UGT2B11|UGT1A3|HSD17B6|AKT1|ACLY|UGT2A2","4406","4495|4837|4525|4849|4498|4867|4894|4876|4549|4954|4561|4942|4528|4555|4543|4930|4948|4870|4534|4579|4936","3.51E-10","","GO:0003824","0.6460923901207224","0"
"3181","17","GO Biological Process","","Organic cyclic compound metabolic process","9.55E-7","SULT2B1|AKR1B1|UGT2B4|EZH2|UGT2B17|UGT2B28|UGT2B15|CYP1A2|HSD11B1|AKR1C3|CYP1A1|CYP19A1|UGT2B11|UGT1A3|HSD17B6|ACLY|UGT2A2","4406","4837|4525|4849|4498|4867|4894|4876|4549|4561|4528|4555|4543|4930|4948|4870|4579|4936","1.34E-9","","GO:1901360","0.6019996628416254","0"
"324","8","GO Biological Process","","Alcohol metabolic process","1.52E-6","SULT2B1|AKR1B1|CYP1A2|AKR1C3|CYP1A1|UGT1A3|HSD17B6|ACLY","4406","4837|4525|4549|4528|4555|4948|4870|4579","2.33E-9","","GO:0006066","0.5818156412055228","0"
"18","4","WikiPathways","","Estrogen metabolism","2.64E-6","CYP1A2|UGT1A9|CYP1A1|UGT1A3","4406","4549|4954|4555|4948","1.01E-8","","WP697","0.557839607313017","0"
"116","6","GO Biological Process","","Steroid biosynthetic process","2.88E-6","AKR1B1|AKR1C3|CYP1A1|CYP19A1|HSD17B6|ACLY","4406","4525|4528|4555|4543|4870|4579","4.59E-9","","GO:0006694","0.5540607512240769","0"
"1820","13","UniProt Keywords","","Transferase","2.92E-6","SULT2B1|UGT2B4|EZH2|UGT2B17|UGT2B28|UGT2B15|UGT1A9|UGT1A5|UGT2B11|UGT1A3|AKT1|ACLY|UGT2A2","4406","4837|4849|4498|4867|4894|4876|4954|4942|4930|4948|4534|4579|4936","1.74E-8","","KW-0808","0.5534617148551582","0"
"55","5","GO Biological Process","","Retinol metabolic process","4.28E-6","AKR1B1|CYP1A2|AKR1C3|CYP1A1|HSD17B6","4406","4525|4549|4528|4555|4870","7.09E-9","","GO:0042572","0.5368556230986827","0"
"24","4","WikiPathways","","Estrogen metabolism","5.51E-6","CYP1A2|AKR1C3|CYP19A1|UGT2A2","4406","4549|4528|4543|4936","2.82E-8","","WP5276","0.5258848401148215","0"
"144","6","GO Biological Process","","Olefinic compound metabolic process","9.23E-6","AKR1B1|CYP1A2|AKR1C3|CYP1A1|CYP19A1|HSD17B6","4406","4525|4549|4528|4555|4543|4870","1.59E-8","","GO:0120254","0.5034798298974088","0"
"23","4","STRING Clusters","","Glucocorticoid biosynthesis, and Androgen biosynthetic process","1.23E-5","HSD11B1|AKR1C3|CYP19A1|HSD17B6","4406","4561|4528|4543|4870","2.42E-8","","CL:9484","0.4910094888560602","0"
"2268","14","GO Molecular Function","","Transferase activity","1.8E-5","HDAC7|SULT2B1|UGT2B4|EZH2|UGT2B17|UGT2B28|UGT2B15|UGT1A9|UGT1A5|UGT2B11|UGT1A3|AKT1|ACLY|UGT2A2","4406","4495|4837|4849|4498|4867|4894|4876|4954|4942|4930|4948|4534|4579|4936","2.19E-8","","GO:0016740","0.47447274948966933","0"
"26","4","GO Biological Process","","Steroid catabolic process","2.11E-5","CYP1A2|HSD11B1|CYP19A1|HSD17B6","4406","4549|4561|4543|4870","3.77E-8","","GO:0006706","0.4675717544702307","0"
"7522","21","GO Biological Process","","Organic substance metabolic process","9.02E-5","HDAC7|SULT2B1|AKR1B1|UGT2B4|EZH2|UGT2B17|UGT2B28|UGT2B15|CYP1A2|UGT1A9|HSD11B1|UGT1A5|AKR1C3|CYP1A1|CYP19A1|UGT2B11|UGT1A3|HSD17B6|AKT1|ACLY|UGT2A2","4406","4495|4837|4525|4849|4498|4867|4894|4876|4549|4954|4561|4942|4528|4555|4543|4930|4948|4870|4534|4579|4936","1.72E-7","","GO:0071704","0.4044793462458058","0"
"10","3","Reactome Pathways","","Prednisone ADME","1.3E-4","UGT2B17|HSD11B1|UGT1A3","4406","4867|4561|4948","3.93E-7","","HSA-9757110","0.3886056647693163","0"
"51","4","GO Biological Process","","Secondary metabolic process","2.3E-4","AKR1B1|CYP1A2|AKR1C3|CYP1A1","4406","4525|4549|4528|4555","4.61E-7","","GO:0019748","0.36382721639824067","0"
"2125","13","TISSUES","","Liver","2.7E-4","HDAC7|UGT2B4|UGT2B17|UGT2B15|CYP1A2|UGT1A9|HSD11B1|AKR1C3|CYP1A1|UGT1A3|HSD17B6|AKT1|ACLY","4406","4495|4849|4867|4876|4549|4954|4561|4528|4555|4948|4870|4534|4579","1.1E-7","","BTO:0000759","0.3568636235841013","0"
"739","8","Reactome Pathways","","Metabolism of lipids","3.4E-4","AKR1B1|CYP1A2|UGT1A9|HSD11B1|AKR1C3|CYP1A1|CYP19A1|ACLY","4406","4525|4549|4954|4561|4528|4555|4543|4579","1.21E-6","","HSA-556833","0.34685210829577445","0"
"13","3","STRING Clusters","","Gilbert syndrome, and Caffeine metabolism","3.5E-4","CYP1A2|UGT1A9|UGT1A3","4406","4549|4954|4948","7.68E-7","","CL:9431","0.3455931955649724","0"
"13","3","STRING Clusters","","Androgen biosynthetic process, and Phenanthrene 9,10-monooxygenase activity","3.5E-4","AKR1C3|CYP19A1|HSD17B6","4406","4528|4543|4870","7.68E-7","","CL:9487","0.3455931955649724","0"
"7156","20","GO Biological Process","","Primary metabolic process","3.7E-4","HDAC7|SULT2B1|AKR1B1|UGT2B4|EZH2|UGT2B17|UGT2B28|UGT2B15|CYP1A2|UGT1A9|HSD11B1|AKR1C3|CYP1A1|CYP19A1|UGT2B11|UGT1A3|HSD17B6|AKT1|ACLY|UGT2A2","4406","4495|4837|4525|4849|4498|4867|4894|4876|4549|4954|4561|4528|4555|4543|4930|4948|4870|4534|4579|4936","8.08E-7","","GO:0044238","0.3431798275933005","0"
"570","7","UniProt Keywords","","Oxidoreductase","3.9E-4","AKR1B1|CYP1A2|HSD11B1|AKR1C3|CYP1A1|CYP19A1|HSD17B6","4406","4525|4549|4561|4528|4555|4543|4870","2.88E-6","","KW-0560","0.3408935392973501","0"
"14","3","GO Biological Process","","Flavonoid metabolic process","4.2E-4","UGT1A9|CYP1A1|UGT1A3","4406","4954|4555|4948","9.32E-7","","GO:0009812","0.33767507096021","0"
"3673","15","GO Cellular Component","","Organelle membrane","4.2E-4","UGT2B4|UGT2B17|PGR|UGT2B28|UGT2B15|CYP1A2|UGT1A9|HSD11B1|UGT1A5|CYP1A1|CYP19A1|UGT2B11|UGT1A3|HSD17B6|UGT2A2","4406","4849|4867|4540|4894|4876|4549|4954|4561|4942|4555|4543|4930|4948|4870|4936","1.24E-6","","GO:0031090","0.33767507096021","0"
"21","3","WikiPathways","","Tamoxifen metabolism","4.3E-4","UGT2B15|CYP1A2|CYP1A1","4406","4876|4549|4555","2.76E-6","","WP691","0.33665315444204136","0"
"3654","15","GO Biological Process","","Regulation of biological quality","5.0E-4","AKR1B1|UGT2B4|EZH2|UGT2B17|UGT2B28|UGT2B15|CYP1A2|UGT1A9|AKR1C3|CYP1A1|CYP19A1|UGT2B11|UGT1A3|HSD17B6|AKT1","4406","4525|4849|4498|4867|4894|4876|4549|4954|4528|4555|4543|4930|4948|4870|4534","1.16E-6","","GO:0065008","0.3301029995663981","0"
"2881","14","TISSUES","","Digestive gland","5.6E-4","HDAC7|UGT2B4|EZH2|UGT2B17|UGT2B15|CYP1A2|UGT1A9|HSD11B1|AKR1C3|CYP1A1|UGT1A3|HSD17B6|AKT1|ACLY","4406","4495|4849|4498|4867|4876|4549|4954|4561|4528|4555|4948|4870|4534|4579","4.6E-7","","BTO:0000345","0.32518119729938","0"
"98","4","UniProt Keywords","","Steroid metabolism","6.2E-4","SULT2B1|CYP1A2|HSD11B1|HSD17B6","4406","4837|4549|4561|4870","5.54E-6","","KW-0753","0.3207608310501746","0"
"6568","19","GO Biological Process","","Cellular metabolic process","7.2E-4","SULT2B1|AKR1B1|UGT2B4|EZH2|UGT2B17|UGT2B28|UGT2B15|CYP1A2|UGT1A9|UGT1A5|AKR1C3|CYP1A1|CYP19A1|UGT2B11|UGT1A3|HSD17B6|AKT1|ACLY|UGT2A2","4406","4837|4525|4849|4498|4867|4894|4876|4549|4954|4942|4528|4555|4543|4930|4948|4870|4534|4579|4936","1.7E-6","","GO:0044237","0.3142667503568731","0"
"19","3","STRING Clusters","","Retinoic acid 4-hydroxylase activity, and Arachidonic acid monooxygenase activity","7.4E-4","UGT2B28|UGT1A5|UGT2B11","4406","4894|4942|4930","2.1E-6","","CL:9394","0.3130768280269024","0"
"50","3","KEGG Pathways","","Ovarian steroidogenesis","8.7E-4","AKR1C3|CYP1A1|CYP19A1","4406","4528|4555|4543","3.12E-5","","hsa04913","0.3060480747381381","0"
"2","2","WikiPathways","","Butyrate-induced histone acetylation","0.001","AKT1|ACLY","4406","4534|4579","7.79E-6","","WP2366","0.3","0"
"4386","15","UniProt Keywords","","Glycoprotein","0.0012","UGT2B4|EZH2|UGT2B17|UGT2B28|UGT2B15|CYP1A2|UGT1A9|HSD11B1|UGT1A5|CYP1A1|UGT2B11|UGT1A3|HSD17B6|AKT1|UGT2A2","4406","4849|4498|4867|4894|4876|4549|4954|4561|4942|4555|4930|4948|4870|4534|4936","1.26E-5","","KW-0325","0.29208187539523756","0"
"577","7","GO Biological Process","","Lipid biosynthetic process","0.0013","AKR1B1|CYP1A2|AKR1C3|CYP1A1|CYP19A1|HSD17B6|ACLY","4406","4525|4549|4528|4555|4543|4870|4579","3.12E-6","","GO:0008610","0.2886056647693163","0"
"9","3","DISEASES","","Endometrial carcinoma","0.0014","PGR|CYP19A1|AKT1","4406","4540|4543|4534","3.03E-7","","DOID:2871","0.2853871964321762","0"
"485","6","UniProt Keywords","","Lipid metabolism","0.0014","SULT2B1|CYP1A2|HSD11B1|CYP1A1|HSD17B6|ACLY","4406","4837|4549|4561|4555|4870|4579","1.63E-5","","KW-0443","0.2853871964321762","0"
"36","3","WikiPathways","","Ovarian infertility","0.0014","PGR|CYP19A1|AKT1","4406","4540|4543|4534","1.23E-5","","WP34","0.2853871964321762","0"
"89","4","GO Biological Process","","Cellular ketone metabolic process","0.0015","AKR1B1|AKR1C3|CYP19A1|HSD17B6","4406","4525|4528|4543|4870","3.83E-6","","GO:0042180","0.28239087409443187","0"
"4721","16","GO Cellular Component","","Endomembrane system","0.0015","SULT2B1|UGT2B4|UGT2B17|UGT2B28|UGT2B15|CYP1A2|UGT1A9|HSD11B1|UGT1A5|CYP1A1|CYP19A1|UGT2B11|UGT1A3|HSD17B6|ACLY|UGT2A2","4406","4837|4849|4867|4894|4876|4549|4954|4561|4942|4555|4543|4930|4948|4870|4579|4936","4.96E-6","","GO:0012505","0.28239087409443187","0"
"99","4","GO Biological Process","","Unsaturated fatty acid metabolic process","0.0023","AKR1B1|CYP1A2|AKR1C3|CYP1A1","4406","4525|4549|4528|4555","5.76E-6","","GO:0033559","0.2638272163982407","0"
"918","8","GO Biological Process","","Cellular lipid metabolic process","0.0023","AKR1B1|CYP1A2|UGT1A9|AKR1C3|CYP1A1|UGT1A3|HSD17B6|ACLY","4406","4525|4549|4954|4528|4555|4948|4870|4579","5.98E-6","","GO:0044255","0.2638272163982407","0"
"45","3","WikiPathways","","Aryl hydrocarbon receptor pathway","0.0023","CYP1A2|UGT1A9|CYP1A1","4406","4549|4954|4555","2.32E-5","","WP2873","0.2638272163982407","0"
"45","3","WikiPathways","","Prostaglandin synthesis and regulation","0.0023","AKR1B1|HSD11B1|AKR1C3","4406","4525|4561|4528","2.32E-5","","WP98","0.2638272163982407","0"
"419","6","GO Biological Process","","Gland development","0.0026","EZH2|PGR|UGT1A9|CYP1A1|CYP19A1|AKT1","4406","4498|4540|4954|4555|4543|4534","7.15E-6","","GO:0048732","0.2585026652029182","0"
"104","4","GO Biological Process","","Negative regulation of small molecule metabolic process","0.0026","UGT1A9|AKR1C3|UGT1A3|AKT1","4406","4954|4528|4948|4534","6.95E-6","","GO:0062014","0.2585026652029182","0"
"107","4","GO Biological Process","","Negative regulation of lipid metabolic process","0.0028","UGT1A9|AKR1C3|UGT1A3|AKT1","4406","4954|4528|4948|4534","7.75E-6","","GO:0045833","0.2552841968657781","0"
"31","3","GO Biological Process","","Steroid hormone biosynthetic process","0.0028","AKR1B1|CYP19A1|HSD17B6","4406","4525|4543|4870","8.1E-6","","GO:0120178","0.2552841968657781","0"
"24","3","GO Molecular Function","","Aromatase activity","0.0028","CYP1A2|CYP1A1|CYP19A1","4406","4549|4555|4543","3.98E-6","","GO:0070330","0.2552841968657781","0"
"6","2","WikiPathways","","Arylamine metabolism","0.0028","CYP1A2|UGT1A9","4406","4549|4954","3.63E-5","","WP694","0.2552841968657781","0"
"35","3","Reactome Pathways","","Metabolism of steroid hormones","0.0029","AKR1B1|HSD11B1|CYP19A1","4406","4525|4561|4543","1.14E-5","","HSA-196071","0.25376020021010437","0"
"32","3","GO Biological Process","","Retinoic acid metabolic process","0.003","UGT1A9|CYP1A1|UGT1A3","4406","4954|4555|4948","8.85E-6","","GO:0042573","0.25228787452803375","0"
"112","4","GO Biological Process","","Icosanoid metabolic process","0.0031","AKR1B1|CYP1A2|AKR1C3|CYP1A1","4406","4525|4549|4528|4555","9.23E-6","","GO:0006690","0.25086383061657275","0"
"2609","12","GO Biological Process","","Cellular response to chemical stimulus","0.0031","AKR1B1|EZH2|PGR|UGT2B28|UGT2B15|CYP1A2|UGT1A9|AKR1C3|CYP1A1|UGT2B11|UGT1A3|AKT1","4406","4525|4498|4540|4894|4876|4549|4954|4528|4555|4930|4948|4534","9.64E-6","","GO:0070887","0.25086383061657275","0"
"446","6","GO Biological Process","","Small molecule biosynthetic process","0.0033","AKR1B1|CYP1A2|AKR1C3|CYP1A1|CYP19A1|ACLY","4406","4525|4549|4528|4555|4543|4579","1.02E-5","","GO:0044283","0.24814860601221125","0"
"119","4","GO Biological Process","","Fatty acid biosynthetic process","0.0037","CYP1A2|AKR1C3|CYP1A1|ACLY","4406","4549|4528|4555|4579","1.16E-5","","GO:0006633","0.2431798275933005","0"
"9","3","Monarch Phenotype","","Circulating cell free DNA measurement","0.0037","UGT1A9|UGT1A5|UGT1A3","4406","4954|4942|4948","3.03E-7","","EFO:0004739","0.2431798275933005","0"
"11","3","Monarch Phenotype","","Xanthurenate measurement","0.0037","UGT1A9|UGT1A5|UGT1A3","4406","4954|4942|4948","5.0E-7","","EFO:0010551","0.2431798275933005","0"
"36","3","GO Biological Process","","Cellular response to cadmium ion","0.0038","CYP1A2|AKR1C3|AKT1","4406","4549|4528|4534","1.23E-5","","GO:0071276","0.242021640338319","0"
"3","2","GO Biological Process","","Dibenzo-p-dioxin metabolic process","0.0039","CYP1A2|CYP1A1","4406","4549|4555","1.3E-5","","GO:0018894","0.24089353929735008","0"
"61","3","WikiPathways","","Oxidation by cytochrome P450","0.0039","CYP1A2|CYP1A1|CYP19A1","4406","4549|4555|4543","5.51E-5","","WP43","0.24089353929735008","0"
"103","4","GO Molecular Function","","Monooxygenase activity","0.0041","CYP1A2|AKR1C3|CYP1A1|CYP19A1","4406","4549|4528|4555|4543","6.7E-6","","GO:0004497","0.23872161432802647","0"
"2","2","GO Molecular Function","","Prostaglandin H2 endoperoxidase reductase activity","0.0043","AKR1B1|AKR1C3","4406","4525|4528","7.79E-6","","GO:0036130","0.23665315444204132","0"
"32","3","GO Molecular Function","","Steroid dehydrogenase activity, acting on the CH-OH group of donors, NAD or NADP as acceptor","0.0044","HSD11B1|AKR1C3|HSD17B6","4406","4561|4528|4870","8.85E-6","","GO:0033764","0.23565473235138126","0"
"4","2","Reactome Pathways","","Biosynthesis of protectins","0.0044","CYP1A2|CYP1A1","4406","4549|4555","1.95E-5","","HSA-9018681","0.23565473235138126","0"
"39","3","GO Biological Process","","Negative regulation of fatty acid metabolic process","0.0046","UGT1A9|UGT1A3|AKT1","4406","4954|4948|4534","1.54E-5","","GO:0045922","0.2337242168318426","0"
"129","4","GO Biological Process","","Secondary alcohol metabolic process","0.0046","SULT2B1|CYP1A2|UGT1A3|ACLY","4406","4837|4549|4948|4579","1.58E-5","","GO:1902652","0.2337242168318426","0"
"9","2","WikiPathways","","Benzo(a)pyrene metabolism","0.0046","AKR1C3|CYP1A1","4406","4528|4555","7.11E-5","","WP696","0.2337242168318426","0"
"134","4","GO Biological Process","","Regulation of cellular ketone metabolic process","0.0052","UGT1A9|AKR1C3|UGT1A3|AKT1","4406","4954|4528|4948|4534","1.83E-5","","GO:0010565","0.2283996656365201","0"
"289","5","GO Biological Process","","Lipid catabolic process","0.0053","CYP1A2|HSD11B1|AKR1C3|CYP19A1|HSD17B6","4406","4549|4561|4528|4543|4870","1.92E-5","","GO:0016042","0.2275724130399211","0"
"135","4","GO Biological Process","","Sterol metabolic process","0.0053","SULT2B1|CYP1A2|CYP19A1|ACLY","4406","4837|4549|4543|4579","1.89E-5","","GO:0016125","0.2275724130399211","0"
"36","3","GO Molecular Function","","Steroid hydroxylase activity","0.0055","CYP1A2|CYP1A1|CYP19A1","4406","4549|4555|4543","1.23E-5","","GO:0008395","0.22596373105057563","0"
"121","4","GO Molecular Function","","Electron transfer activity","0.0055","AKR1B1|CYP1A2|CYP19A1|HSD17B6","4406","4525|4549|4543|4870","1.24E-5","","GO:0009055","0.22596373105057563","0"
"731","7","GO Molecular Function","","Oxidoreductase activity","0.0055","AKR1B1|CYP1A2|HSD11B1|AKR1C3|CYP1A1|CYP19A1|HSD17B6","4406","4525|4549|4561|4528|4555|4543|4870","1.45E-5","","GO:0016491","0.22596373105057563","0"
"126","4","GO Molecular Function","","Oxidoreductase activity, acting on the CH-OH group of donors, NAD or NADP as acceptor","0.0055","AKR1B1|HSD11B1|AKR1C3|HSD17B6","4406","4525|4561|4528|4870","1.45E-5","","GO:0016616","0.22596373105057563","0"
"153","4","Reactome Pathways","","Metabolism of steroids","0.0063","AKR1B1|HSD11B1|AKR1C3|CYP19A1","4406","4525|4561|4528|4543","3.04E-5","","HSA-8957322","0.22006594505464183","0"
"5","2","GO Biological Process","","Androgen catabolic process","0.0072","CYP19A1|HSD17B6","4406","4543|4870","2.72E-5","","GO:0006710","0.21426675035687315","0"
"5","2","GO Biological Process","","Flavonoid glucuronidation","0.0072","UGT1A9|UGT1A3","4406","4954|4948","2.72E-5","","GO:0052696","0.21426675035687315","0"
"5","2","GO Biological Process","","Testosterone biosynthetic process","0.0072","AKR1C3|CYP19A1","4406","4528|4543","2.72E-5","","GO:0061370","0.21426675035687315","0"
"5","2","GO Molecular Function","","Estrogen 2-hydroxylase activity","0.0075","CYP1A2|CYP1A1","4406","4549|4555","2.72E-5","","GO:0101021","0.21249387366083","0"
"13","2","WikiPathways","","Estrogen receptor pathway","0.0081","CYP1A2|CYP1A1","4406","4549|4555","1.4E-4","","WP2881","0.20915149811213504","0"
"325","5","GO Biological Process","","Fatty acid metabolic process","0.0085","AKR1B1|CYP1A2|AKR1C3|CYP1A1|ACLY","4406","4525|4549|4528|4555|4579","3.34E-5","","GO:0006631","0.20705810742857073","0"
"79","3","UniProt Keywords","","Monooxygenase","0.0086","CYP1A2|CYP1A1|CYP19A1","4406","4549|4555|4543","1.2E-4","","KW-0503","0.2065501548756432","0"
"14","2","WikiPathways","","Codeine and morphine metabolism","0.0086","UGT2B4|UGT1A9","4406","4849|4954","1.5E-4","","WP1604","0.2065501548756432","0"
"15","2","WikiPathways","","Fatty acid omega-oxidation","0.0086","CYP1A2|CYP1A1","4406","4549|4555","1.8E-4","","WP206","0.2065501548756432","0"
"16","2","WikiPathways","","Classical pathway of steroidogenesis with glucocorticoid and mineralocorticoid metabolism","0.0086","HSD11B1|CYP19A1","4406","4561|4543","2.0E-4","","WP4523","0.2065501548756432","0"
"14","2","WikiPathways","","Mineralocorticoid biosynthesis","0.0086","HSD11B1|AKR1C3","4406","4561|4528","1.5E-4","","WP5279","0.2065501548756432","0"
"14","2","WikiPathways","","Glucocorticoid biosynthesis","0.0086","HSD11B1|AKR1C3","4406","4561|4528","1.5E-4","","WP5280","0.2065501548756432","0"
"5","2","STRING Clusters","","Flavonoid glucuronidation","0.0089","UGT1A9|UGT1A3","4406","4954|4948","2.72E-5","","CL:9436","0.20506099933550873","0"
"58","3","Reactome Pathways","","Arachidonic acid metabolism","0.0091","CYP1A2|AKR1C3|CYP1A1","4406","4549|4528|4555","4.77E-5","","HSA-2142753","0.20409586076789066","0"
"176","4","Reactome Pathways","","Fatty acid metabolism","0.0091","CYP1A2|AKR1C3|CYP1A1|ACLY","4406","4549|4528|4555|4579","5.19E-5","","HSA-8978868","0.20409586076789066","0"
"6","2","GO Molecular Function","","5alpha-androstane-3beta,17beta-diol dehydrogenase activity","0.0094","AKR1C3|HSD17B6","4406","4528|4870","3.63E-5","","GO:0047024","0.20268721464003012","0"
"8","2","Reactome Pathways","","Synthesis of epoxy (EET) and dihydroxyeicosatrienoic acids (DHET)","0.0095","CYP1A2|CYP1A1","4406","4549|4555","5.82E-5","","HSA-2142670","0.20222763947111524","0"
"55","3","GO Biological Process","","Arachidonic acid metabolic process","0.01","CYP1A2|AKR1C3|CYP1A1","4406","4549|4528|4555","4.1E-5","","GO:0019369","0.2","0"
"65","3","Reactome Pathways","","Cytochrome P450 - arranged by substrate type","0.0101","CYP1A2|CYP1A1|CYP19A1","4406","4549|4555|4543","6.61E-5","","HSA-211897","0.19956786262173573","0"
"9","2","Reactome Pathways","","Synthesis of (16-20)-hydroxyeicosatetraenoic acids (HETE)","0.0101","CYP1A2|CYP1A1","4406","4549|4555","7.11E-5","","HSA-2142816","0.19956786262173573","0"
"6","2","STRING Clusters","","Carbonyl reductase [NADPH] 1-like, and Coumarin metabolic process","0.0111","UGT2B17|UGT2B15","4406","4867|4876","3.63E-5","","CL:9456","0.19546770212133427","0"
"880","7","GO Biological Process","","Tube development","0.0112","HDAC7|AKR1B1|PGR|CYP1A2|HSD11B1|CYP1A1|AKT1","4406","4495|4525|4540|4549|4561|4555|4534","4.73E-5","","GO:0035295","0.19507819773298182","0"
"58","3","GO Biological Process","","Positive regulation of cell cycle G1/S phase transition","0.0112","EZH2|CYP1A1|AKT1","4406","4498|4555|4534","4.77E-5","","GO:1902808","0.19507819773298182","0"
"7","2","GO Molecular Function","","Hydroperoxy icosatetraenoate dehydratase activity","0.0115","CYP1A2|CYP1A1","4406","4549|4555","4.66E-5","","GO:0106256","0.19393021596463883","0"
"25","2","KEGG Pathways","","Folate biosynthesis","0.0116","AKR1B1|AKR1C3","4406","4525|4528","4.5E-4","","hsa00790","0.19355420107730817","0"
"177","4","GO Molecular Function","","Oxidoreductase activity, acting on paired donors, with incorporation or reduction of molecular oxygen","0.0125","CYP1A2|AKR1C3|CYP1A1|CYP19A1","4406","4549|4528|4555|4543","5.3E-5","","GO:0016705","0.19030899869919435","0"
"8","2","GO Molecular Function","","Retinal dehydrogenase activity","0.0131","AKR1B1|AKR1C3","4406","4525|4528","5.82E-5","","GO:0001758","0.1882728704344236","0"
"8","2","GO Molecular Function","","Androsterone dehydrogenase activity","0.0131","AKR1C3|HSD17B6","4406","4528|4870","5.82E-5","","GO:0047023","0.1882728704344236","0"
"8","2","GO Molecular Function","","Testosterone dehydrogenase (NAD+) activity","0.0131","AKR1C3|HSD17B6","4406","4528|4870","5.82E-5","","GO:0047035","0.1882728704344236","0"
"8","2","GO Molecular Function","","Estrogen 16-alpha-hydroxylase activity","0.0131","CYP1A2|CYP1A1","4406","4549|4555","5.82E-5","","GO:0101020","0.1882728704344236","0"
"8","2","GO Biological Process","","Negative regulation of glucuronosyltransferase activity","0.0132","UGT1A9|UGT1A3","4406","4954|4948","5.82E-5","","GO:1904224","0.18794260687941503","0"
"8","2","GO Biological Process","","Negative regulation of cellular glucuronidation","0.0132","UGT1A9|UGT1A3","4406","4954|4948","5.82E-5","","GO:2001030","0.18794260687941503","0"
"617","6","GO Biological Process","","Epithelial cell differentiation","0.0135","AKR1B1|EZH2|PGR|AKR1C3|CYP1A1|AKT1","4406","4525|4498|4540|4528|4555|4534","6.18E-5","","GO:0030855","0.1869666231504994","0"
"9","2","GO Molecular Function","","androstan-3-alpha,17-beta-diol dehydrogenase activity","0.0135","AKR1C3|HSD17B6","4406","4528|4870","7.11E-5","","GO:0047044","0.1869666231504994","0"
"9","2","GO Molecular Function","","Testosterone 17-beta-dehydrogenase (NADP+) activity","0.0135","AKR1C3|HSD17B6","4406","4528|4870","7.11E-5","","GO:0047045","0.1869666231504994","0"
"377","5","GO Biological Process","","Organic cyclic compound catabolic process","0.0144","CYP1A2|HSD11B1|CYP1A1|CYP19A1|HSD17B6","4406","4549|4561|4555|4543|4870","6.7E-5","","GO:1901361","0.18416375079047503","0"
"9","2","GO Biological Process","","Daunorubicin metabolic process","0.0151","AKR1B1|AKR1C3","4406","4525|4528","7.11E-5","","GO:0044597","0.18210230527068305","0"
"198","4","GO Biological Process","","Cellular response to metal ion","0.0168","CYP1A2|AKR1C3|CYP1A1|AKT1","4406","4549|4528|4555|4534","8.12E-5","","GO:0071248","0.17746907182741373","0"
"10","2","GO Biological Process","","Doxorubicin metabolic process","0.0174","AKR1B1|AKR1C3","4406","4525|4528","8.53E-5","","GO:0044598","0.17594507517174002","0"
"10","2","GO Biological Process","","Hydrogen peroxide biosynthetic process","0.0174","CYP1A2|CYP1A1","4406","4549|4555","8.53E-5","","GO:0050665","0.17594507517174002","0"
"312","4","WikiPathways","","Nuclear receptors meta-pathway","0.0184","UGT2B4|CYP1A2|UGT1A9|CYP1A1","4406","4849|4549|4954|4555","4.5E-4","","WP2882","0.17351821769904635","0"
"25","2","WikiPathways","","Relationship between inflammation, COX-2 and EGFR","0.0184","CYP19A1|AKT1","4406","4543|4534","4.5E-4","","WP4483","0.17351821769904635","0"
"2","2","InterPro Domains","","Cytochrome P450, E-class, group I, CYP1","0.0187","CYP1A2|CYP1A1","4406","4549|4555","7.79E-6","","IPR008066","0.1728158393463501","0"
"27","2","WikiPathways","","Follicle stimulating hormone (FSH) signaling pathway","0.0193","CYP19A1|AKT1","4406","4543|4534","5.2E-4","","WP2035","0.1714442690992226","0"
"411","5","GO Biological Process","","Generation of precursor metabolites and energy","0.0194","AKR1B1|CYP1A2|CYP19A1|HSD17B6|AKT1","4406","4525|4549|4543|4870|4534","1.0E-4","","GO:0006091","0.1712198270069774","0"
"11","2","GO Biological Process","","Omega-hydroxylase P450 pathway","0.0194","CYP1A2|CYP1A1","4406","4549|4555","1.0E-4","","GO:0097267","0.1712198270069774","0"
"12","2","GO Molecular Function","","alditol:NADP+ 1-oxidoreductase activity","0.0196","AKR1B1|AKR1C3","4406","4525|4528","1.2E-4","","GO:0004032","0.1707743928643524","0"
"79","3","GO Molecular Function","","Monocarboxylic acid binding","0.0196","UGT1A9|AKR1C3|UGT1A3","4406","4954|4528|4948","1.2E-4","","GO:0033293","0.1707743928643524","0"
"29","2","WikiPathways","","Lipid metabolism pathway","0.021","AKT1|ACLY","4406","4534|4579","5.9E-4","","WP3965","0.16777807052660806","0"
"14","2","GO Molecular Function","","17-beta-hydroxysteroid dehydrogenase (NAD+) activity","0.0246","AKR1C3|HSD17B6","4406","4528|4870","1.5E-4","","GO:0044594","0.16090648928966209","0"
"14","2","GO Molecular Function","","NADP-retinol dehydrogenase activity","0.0246","AKR1B1|AKR1C3","4406","4525|4528","1.5E-4","","GO:0052650","0.16090648928966209","0"
"4010","13","GO Biological Process","","Response to chemical","0.0271","AKR1B1|EZH2|PGR|UGT2B28|UGT2B15|CYP1A2|UGT1A9|AKR1C3|CYP1A1|CYP19A1|UGT2B11|UGT1A3|AKT1","4406","4525|4498|4540|4894|4876|4549|4954|4528|4555|4543|4930|4948|4534","1.5E-4","","GO:0042221","0.15670307091255944","0"
"41","2","KEGG Pathways","","Tryptophan metabolism","0.0274","CYP1A2|CYP1A1","4406","4549|4555","0.0011","","hsa00380","0.1562249437179612","0"
"123","3","UniProt Keywords","","Heme","0.0276","CYP1A2|CYP1A1|CYP19A1","4406","4549|4555|4543","4.1E-4","","KW-0349","0.15590909179347823","0"
"14","2","GO Biological Process","","Vitamin D metabolic process","0.0279","CYP1A1|UGT1A3","4406","4555|4948","1.5E-4","","GO:0042359","0.15543957967264024","0"
"35","2","WikiPathways","","Melatonin metabolism and effects","0.0287","CYP1A2|CYP1A1","4406","4549|4555","8.5E-4","","WP3298","0.15421181032660075","0"
"265","4","Reactome Pathways","","Signaling by Nuclear Receptors","0.031","PGR|AKR1C3|UGT1A3|AKT1","4406","4540|4528|4948|4534","2.4E-4","","HSA-9006931","0.15086383061657274","0"
"16","2","GO Biological Process","","Regulation of retinoic acid receptor signaling pathway","0.0339","EZH2|AKR1C3","4406","4498|4528","2.0E-4","","GO:0048385","0.1469800301796918","0"
"42","3","InterPro Domains","","Cytochrome P450, E-class, group I","0.0342","CYP1A2|CYP1A1|CYP19A1","4406","4549|4555|4543","1.9E-5","","IPR002401","0.1465973893943865","0"
"101","3","GO Molecular Function","","Steroid binding","0.0349","SULT2B1|PGR|HSD11B1","4406","4837|4540|4561","2.3E-4","","GO:0005496","0.145717457304082","0"
"796","6","GO Molecular Function","","Lipid binding","0.0359","SULT2B1|PGR|UGT1A9|HSD11B1|UGT1A3|AKT1","4406","4837|4540|4954|4561|4948|4534","2.5E-4","","GO:0008289","0.14449055514216808","0"
"19","2","GO Molecular Function","","NAD-retinol dehydrogenase activity","0.038","AKR1C3|HSD17B6","4406","4528|4870","2.7E-4","","GO:0004745","0.142021640338319","0"
"167","4","DISEASES","","Reproductive organ cancer","0.039","EZH2|PGR|CYP19A1|AKT1","4406","4498|4540|4543|4534","4.25E-5","","DOID:193","0.1408935392973501","0"
"20","2","GO Molecular Function","","Retinoic acid binding","0.0395","UGT1A9|UGT1A3","4406","4954|4948","3.0E-4","","GO:0001972","0.140340290437354","0"
"18","2","GO Biological Process","","Toxin metabolic process","0.0416","CYP1A2|CYP1A1","4406","4549|4555","2.4E-4","","GO:0009404","0.13809066693732572","0"
"18","2","GO Biological Process","","Epoxygenase P450 pathway","0.0416","CYP1A2|CYP1A1","4406","4549|4555","2.4E-4","","GO:0019373","0.13809066693732572","0"
"272","4","GO Biological Process","","Cellular response to chemical stress","0.044","AKR1B1|EZH2|AKR1C3|AKT1","4406","4525|4498|4528|4534","2.7E-4","","GO:0062197","0.13565473235138126","0"
"62","3","DISEASES","","Breast cancer","0.0442","PGR|CYP19A1|AKT1","4406","4540|4543|4534","5.77E-5","","DOID:1612","0.13545777306509083","0"
"45","2","WikiPathways","","Aryl hydrocarbon receptor pathway","0.0443","CYP1A2|CYP1A1","4406","4549|4555","0.0014","","WP2586","0.13535962737769305","0"
"2084","9","GO Molecular Function","","Enzyme binding","0.0444","HDAC7|PGR|CYP1A2|UGT1A9|MTCP1|UGT1A5|CYP1A1|UGT1A3|AKT1","4406","4495|4540|4549|4954|4972|4942|4555|4948|4534","3.4E-4","","GO:0019899","0.135261702988538","0"
"24","2","Reactome Pathways","","Xenobiotics","0.0452","CYP1A2|CYP1A1","4406","4549|4555","4.2E-4","","HSA-211981","0.1344861565188618","0"
"827","6","GO Biological Process","","Response to lipid","0.0481","EZH2|PGR|AKR1C3|CYP1A1|CYP19A1|AKT1","4406","4498|4540|4528|4555|4543|4534","3.0E-4","","GO:0033993","0.13178549236261683","0"
