"Target","Common name","Uniprot ID","ChEMBL ID","Target Class","Probability*","Known actives (3D/2D)"
"Monoglyceride lipase","MGLL","Q99685","CHEMBL4191","Enzyme","0.0535560755162","0 /  6     "
"Peroxisome proliferator-activated receptor delta   (by homology)","PPARD","Q03181","CHEMBL3979","Nuclear receptor","0.0535560755162","0 /  2     "
"Adenosylhomocysteinase","AHCY","P23526","CHEMBL2664","Enzyme","0.0535560755162","101 /  0     "
"Protein kinase C gamma","PRKCG","P05129","CHEMBL2938","Kinase","0.0535560755162","0 /  9     "
"Protein kinase C delta","PRKCD","Q05655","CHEMBL2996","Kinase","0.0535560755162","0 /  23     "
"Protein kinase C beta","PRKCB","P05771","CHEMBL3045","Kinase","0.0535560755162","0 /  8     "
"Protein kinase C epsilon","PRKCE","Q02156","CHEMBL3582","Kinase","0.0535560755162","0 /  9     "
"Protein kinase C eta","PRKCH","P24723","CHEMBL3616","Kinase","0.0535560755162","0 /  9     "
"Protein kinase C theta","PRKCQ","Q04759","CHEMBL3920","Kinase","0.0535560755162","0 /  10     "
"Sodium/glucose cotransporter 2","SLC5A2","P31639","CHEMBL3884","Electrochemical transporter","0.0535560755162","47 /  130     "
"Thymidine kinase, cytosolic","TK1","P04183","CHEMBL2883","Transferase","0.0535560755162","14 /  0     "
"Adenosine kinase","ADK","P55263","CHEMBL3589","Enzyme","0.0535560755162","40 /  0     "
"Adenosine A2a receptor","ADORA2A","P29274","CHEMBL251","Family A G protein-coupled receptor","0.0535560755162","141 /  0     "
"Trypsin I","PRSS1","P07477","CHEMBL209","Protease","0.0535560755162","0 /  11     "
"Cytidine deaminase","CDA","P32320","CHEMBL4502","Enzyme","0.0535560755162","21 /  0     "
"Purine nucleoside phosphorylase","PNP","P00491","CHEMBL4338","Enzyme","0.0535560755162","14 /  0     "
"Caspase-3","CASP3","P42574","CHEMBL2334","Protease","0.0535560755162","36 /  0     "
"Adenosine A1 receptor   (by homology)","ADORA1","P30542","CHEMBL226","Family A G protein-coupled receptor","0.0535560755162","167 /  0     "
"P-glycoprotein 1","ABCB1","P08183","CHEMBL4302","Primary active transporter","0.0535560755162","0 /  76     "
"Adenosine A2b receptor","ADORA2B","P29275","CHEMBL255","Family A G protein-coupled receptor","0.0535560755162","10 /  0     "
"Adenosine A3 receptor","ADORA3","P0DMS8","CHEMBL256","Family A G protein-coupled receptor","0.0535560755162","112 /  0     "
"Lysosomal alpha-glucosidase","GAA","P10253","CHEMBL2608","Hydrolase","0.0535560755162","3 /  0     "
"Glutathione S-transferase Pi","GSTP1","P09211","CHEMBL3902","Enzyme","0.0535560755162","1 /  0     "
"Glutathione S-transferase Mu 2","GSTM2","P28161","CHEMBL4589","Enzyme","0.0535560755162","1 /  0     "
"Beta-glucocerebrosidase","GBA","P04062","CHEMBL2179","Enzyme","0.0535560755162","3 /  0     "
"Methionine aminopeptidase 1","METAP1","P53582","CHEMBL2474","Protease","0.0535560755162","2 /  0     "
"Glutathione reductase","GSR","P00390","CHEMBL2755","Oxidoreductase","0.0535560755162","3 /  0     "
"cAMP-dependent protein kinase alpha-catalytic subunit","PRKACA","P17612","CHEMBL4101","Kinase","0.0535560755162","1 /  0     "
"Serine/threonine-protein kinase AKT","AKT1","P31749","CHEMBL4282","Kinase","0.0535560755162","1 /  0     "
"Matrix metalloproteinase 8","MMP8","P22894","CHEMBL4588","Protease","0.0535560755162","3 /  0     "
"Thymidine phosphorylase","TYMP","P19971","CHEMBL3106","Enzyme","0.0535560755162","8 /  0     "
"Alpha-L-fucosidase I","FUCA1","P04066","CHEMBL4176","Enzyme","0.0535560755162","14 /  0     "
"Bifunctional protein NCOAT","OGA","O60502","CHEMBL5921","Enzyme","0.0535560755162","14 /  0     "
"Hypoxanthine-guanine phosphoribosyltransferase","HPRT1","P00492","CHEMBL2360","Enzyme","0.0535560755162","20 /  0     "
"Telomerase reverse transcriptase","TERT","O14746","CHEMBL2916","Enzyme","0.0535560755162","1 /  0     "
"ADAM17","ADAM17","P78536","CHEMBL3706","Protease","0.0","7 /  0     "
"Kappa Opioid receptor","OPRK1","P41145","CHEMBL237","Family A G protein-coupled receptor","0.0","0 /  40     "
"Nitric-oxide synthase, brain","NOS1","P29475","CHEMBL3568","Enzyme","0.0","5 /  0     "
"c-Jun N-terminal kinase 1","MAPK8","P45983","CHEMBL2276","Kinase","0.0","4 /  0     "
"Methionine aminopeptidase 2","METAP2","P50579","CHEMBL3922","Protease","0.0","9 /  0     "
"Cyclin-dependent kinase 2/cyclin A","CDK2 CCNA1 CCNA2","P24941 P78396 P20248","CHEMBL2094128","Other cytosolic protein","0.0","4 /  0     "
"Adenosine deaminase   (by homology)","ADA","P00813","CHEMBL1910","Hydrolase","0.0","7 /  0     "
"Estradiol 17-beta-dehydrogenase 3","HSD17B3","P37058","CHEMBL4234","Enzyme","0.0","0 /  7     "
"Thymidylate synthase   (by homology)","TYMS","P04818","CHEMBL1952","Transferase","0.0","6 /  0     "
"Cyclin-dependent kinase 1","CDK1","P06493","CHEMBL308","Kinase","0.0","3 /  0     "
"Serotonin transporter","SLC6A4","P31645","CHEMBL228","Electrochemical transporter","0.0","0 /  114     "
"Cyclooxygenase-2","PTGS2","P35354","CHEMBL230","Oxidoreductase","0.0","9 /  16     "
"Interleukin-1 receptor-associated kinase 4","IRAK4","Q9NWZ3","CHEMBL3778","Kinase","0.0","9 /  0     "
"D-amino-acid oxidase","DAO","P14920","CHEMBL5485","Enzyme","0.0","31 /  0     "
"Adenosylhomocysteinase 2","AHCYL1","O43865","CHEMBL3751646","Enzyme","0.0","3 /  0     "
"Prostanoid FP receptor","PTGFR","P43088","CHEMBL1987","Family A G protein-coupled receptor","0.0","0 /  14     "
"Sodium/glucose cotransporter 1","SLC5A1","P13866","CHEMBL4979","Electrochemical transporter","0.0","28 /  47     "
"PI3-kinase p110-alpha/p85-alpha","PIK3CA PIK3R1","P42336 P27986","CHEMBL2111367","Enzyme","0.0","1 /  0     "
"Caspase-6","CASP6","P55212","CHEMBL3308","Protease","0.0","4 /  0     "
"Caspase-7","CASP7","P55210","CHEMBL3468","Protease","0.0","6 /  0     "
"Caspase-8","CASP8","Q14790","CHEMBL3776","Protease","0.0","3 /  0     "
"Caspase-2","CASP2","P42575","CHEMBL4884","Protease","0.0","4 /  0     "
"Serine/threonine-protein kinase/endoribonuclease IRE1","ERN1","O75460","CHEMBL1163101","Enzyme","0.0","4 /  0     "
"Serine/threonine-protein kinase PIM2","PIM2","Q9P1W9","CHEMBL4523","Kinase","0.0","2 /  0     "
"Serine/threonine-protein kinase PIM3","PIM3","Q86V86","CHEMBL5407","Kinase","0.0","1 /  0     "
"CDC7/DBF4 (Cell division cycle 7-related protein kinase/Activator of S phase kinase)","CDC7","O00311","CHEMBL5443","Kinase","0.0","2 /  0     "
"Prostanoid EP1 receptor","PTGER1","P34995","CHEMBL1811","Family A G protein-coupled receptor","0.0","0 /  3     "
"Prostanoid EP2 receptor","PTGER2","P43116","CHEMBL1881","Family A G protein-coupled receptor","0.0","0 /  3     "
"Protein kinase C alpha","PRKCA","P17252","CHEMBL299","Kinase","0.0","1 /  48     "
"Glutamate [NMDA] receptor PROTEIN","GRIN1","Q05586","CHEMBL2015","Ligand-gated ion channel","0.0","1 /  0     "
"Transmembrane domain-containing protein TMIGD3","TMIGD3","P0DMS9","CHEMBL3712907","Unclassified protein","0.0","1 /  0     "
"Thymidine kinase, mitochondrial","TK2","O00142","CHEMBL4580","Enzyme","0.0","1 /  0     "
"6-phosphofructo-2-kinase/fructose-2,6-bisphosphatase 3","PFKFB3","Q16875","CHEMBL2331053","Enzyme","0.0","1 /  0     "
"Muscle glycogen phosphorylase","PYGM","P11217","CHEMBL3526","Enzyme","0.0","1 /  0     "
"Casein kinase II alpha","CSNK2A1","P68400","CHEMBL3629","Kinase","0.0","10 /  0     "
"Histone-lysine N-methyltransferase SUV39H1","SUV39H1","O43463","CHEMBL1795118","Writer","0.0","1 /  0     "
"Protein farnesyltransferase","FNTA FNTB","P49354 P49356","CHEMBL2094108","Enzyme","0.0","1 /  0     "
"Serine/threonine-protein kinase Chk1","CHEK1","O14757","CHEMBL4630","Kinase","0.0","2 /  0     "
"Histone-lysine N-methyltransferase, H3 lysine-9 specific 3","EHMT2","Q96KQ7","CHEMBL6032","Writer","0.0","3 /  0     "
"Cytochrome P450 11B2","CYP11B2","P19099","CHEMBL2722","Cytochrome P450","0.0","1 /  0     "
"Inosine-5'-monophosphate dehydrogenase 2","IMPDH2","P12268","CHEMBL2002","Oxidoreductase","0.0","6 /  0     "
"Thrombin","F2","P00734","CHEMBL204","Protease","0.0","1 /  16     "
"Muscarinic acetylcholine receptor M2   (by homology)","CHRM2","P08172","CHEMBL211","Family A G protein-coupled receptor","0.0","0 /  29     "
"Neurokinin 1 receptor","TACR1","P25103","CHEMBL249","Family A G protein-coupled receptor","0.0","0 /  15     "
"Proto-oncogene c-JUN","JUN","P05412","CHEMBL4977","Transcription factor","0.0","0 /  1     "
"Solute carrier family 13 member 5","SLC13A5","Q86YT5","CHEMBL3769293","Electrochemical transporter","0.0","0 /  3     "
"Amine oxidase, copper containing","AOC3","Q16853","CHEMBL3437","Enzyme","0.0","10 /  0     "
"PI3-kinase p110-alpha subunit","PIK3CA","P42336","CHEMBL4005","Enzyme","0.0","3 /  0     "
"Carbonic anhydrase III","CA3","P07451","CHEMBL2885","Lyase","0.0","0 /  1     "
"CDK9/cyclin T1","CDK9 CCNT1","P50750 O60563","CHEMBL2111389","Other cytosolic protein","0.0","2 /  0     "
"Ryanodine receptor 1","RYR1","P21817","CHEMBL1846","Ligand-gated ion channel","0.0","1 /  0     "
"Dopamine transporter","SLC6A3","Q01959","CHEMBL238","Electrochemical transporter","0.0","3 /  213     "
"Cystic fibrosis transmembrane conductance regulator","CFTR","P13569","CHEMBL4051","Other ion channel","0.0","1 /  0     "
"Catechol O-methyltransferase","COMT","P21964","CHEMBL2023","Transferase","0.0","2 /  0     "
"Myeloperoxidase","MPO","P05164","CHEMBL2439","Enzyme","0.0","3 /  0     "
"Inhibitor of apoptosis protein 3","XIAP","P98170","CHEMBL4198","Other cytosolic protein","0.0","1 /  0     "
"Proteinase-activated receptor 2","F2RL1","P55085","CHEMBL5963","Family A G protein-coupled receptor","0.0","1 /  0     "
"Poly [ADP-ribose] polymerase-1","PARP1","P09874","CHEMBL3105","Enzyme","0.0","1 /  0     "
"L-lactate dehydrogenase A chain","LDHA","P00338","CHEMBL4835","Enzyme","0.0","2 /  0     "
"Poly [ADP-ribose] polymerase 2","PARP2","Q9UGN5","CHEMBL5366","Enzyme","0.0","1 /  0     "
"Lysine-specific demethylase 4D-like","KDM4E","B2RXH2","CHEMBL1293226","Eraser","0.0","2 /  0     "
"Matrix metalloproteinase 1","MMP1","P03956","CHEMBL332","Protease","0.0","6 /  0     "
"Matrix metalloproteinase 7","MMP7","P09237","CHEMBL4073","Protease","0.0","2 /  0     "
"Nitric-oxide synthase, endothelial","NOS3","P29474","CHEMBL4803","Enzyme","0.0","2 /  0     "
"Cannabinoid receptor 2","CNR2","P34972","CHEMBL253","Family A G protein-coupled receptor","0.0","0 /  45     "