UniProt_ID,Run_0,Run_1,Run_2,Mean_Affinity,Std_Dev,Best_Affinity,Replicates
Q14112,-9.042,-9.036,-9.04,-9.04,0.002,-9.042,3
Q9NVH6,-9.014,-9.022,-9.03,-9.02,0.007,-9.03,3
P35249,-8.694,-8.651,-8.66,-8.67,0.019,-8.694,3
Q96C86,-8.661,-8.663,-8.647,-8.66,0.007,-8.663,3
P10644,-8.417,-8.405,-8.428,-8.42,0.009,-8.428,3
Q99436,-8.371,-8.387,-8.383,-8.38,0.007,-8.387,3
P28070,-8.38,-8.385,-8.384,-8.38,0.002,-8.385,3
P02790,-8.387,-8.353,-8.307,-8.35,0.033,-8.387,3
Q5JRX3,-8.355,-8.334,-8.335,-8.34,0.01,-8.355,3
Q9HA47,-8.341,-8.335,-8.352,-8.34,0.007,-8.352,3
P52732,-8.308,-8.328,-8.314,-8.32,0.008,-8.328,3
P23381,-8.265,-8.216,-8.264,-8.25,0.023,-8.265,3
P11388,-8.245,-8.252,-8.249,-8.25,0.003,-8.252,3
P51617,-8.218,-8.242,-8.226,-8.23,0.01,-8.242,3
Q9BWV3,-8.226,-8.067,-8.303,-8.2,0.098,-8.303,3
P27708,-8.19,-8.191,-8.193,-8.19,0.001,-8.193,3
Q96SZ6,-8.14,-8.189,-8.184,-8.17,0.022,-8.189,3
Q9UNK4,-8.156,-8.18,-8.16,-8.17,0.01,-8.18,3
A0JLT2,-8.152,-8.13,-8.162,-8.15,0.013,-8.162,3
Q15046,-8.128,-8.156,-8.116,-8.13,0.017,-8.156,3
Q13907,-8.117,-8.121,-8.122,-8.12,0.002,-8.122,3
O60412,-8.133,-8.122,-8.118,-8.12,0.006,-8.133,3
P20042,-8.139,-8.113,-8.123,-8.12,0.011,-8.139,3
P55735,-8.102,-8.108,-8.112,-8.11,0.004,-8.112,3
Q99848,-8.116,-8.092,-8.126,-8.11,0.014,-8.126,3
P59544,-8.1,-8.163,-8.079,-8.11,0.036,-8.163,3
Q5MAI5,-8.077,-8.136,-8.084,-8.1,0.026,-8.136,3
Q6QNK2,-8.084,-8.094,-8.074,-8.08,0.008,-8.094,3
Q9NQE7,-8.066,-8.081,-8.089,-8.08,0.01,-8.089,3
P49590,-8.085,-8.077,-8.083,-8.08,0.003,-8.085,3
Q10570,-8.072,-8.075,-8.059,-8.07,0.007,-8.075,3
Q06609,-8.098,-8.062,-8.052,-8.07,0.02,-8.098,3
P53396,-8.051,-8.068,-8.072,-8.06,0.009,-8.072,3
Q13573,-8.045,-8.045,-8.053,-8.05,0.004,-8.053,3
O75027,-8.032,-8.036,-8.058,-8.04,0.011,-8.058,3
O15455,-8.04,-8.041,-8.041,-8.04,0.0,-8.041,3
Q99969,-7.968,-7.966,-8.112,-8.02,0.068,-8.112,3
O60306,-8.023,-7.993,-8.026,-8.01,0.015,-8.026,3
Q6ZWT7,-8.024,-7.941,-8.024,-8.0,0.039,-8.024,3
Q02338,-8.022,-7.996,-7.978,-8.0,0.018,-8.022,3
P51148,-8.011,-7.998,-8.002,-8.0,0.005,-8.011,3
Q9NVP1,-7.98,-7.986,-7.998,-7.99,0.007,-7.998,3
Q14562,-7.983,-8.008,-7.989,-7.99,0.011,-8.008,3
Q12962,-8.271,-8.165,-7.507,-7.98,0.338,-8.271,3
P36542,-7.962,-7.955,-7.957,-7.96,0.003,-7.962,3
O75908,-7.945,-8.003,-7.941,-7.96,0.028,-8.003,3
Q9UL12,-7.898,-7.966,-7.985,-7.95,0.037,-7.985,3
P23921,-7.953,-7.952,-7.952,-7.95,0.0,-7.953,3
Q13098,-7.935,-7.973,-7.941,-7.95,0.017,-7.973,3
O14561,-7.942,-7.942,-7.934,-7.94,0.004,-7.942,3
O00308,-7.923,-7.917,-7.905,-7.92,0.007,-7.923,3
P62875,-8.018,-7.688,-8.031,-7.91,0.159,-8.031,3
Q8NGZ4,-7.904,-7.897,-7.888,-7.9,0.007,-7.904,3
Q9H9Y6,-7.884,-7.893,-7.89,-7.89,0.004,-7.893,3
Q9Y4A5,-7.888,-7.882,-7.856,-7.88,0.014,-7.888,3
Q9H6X2,-7.87,-7.855,-7.872,-7.87,0.008,-7.872,3
P60842,-7.856,-7.849,-7.912,-7.87,0.028,-7.912,3
Q14674,-7.867,-7.87,-7.856,-7.86,0.006,-7.87,3
Q9NW64,-7.862,-7.862,-7.859,-7.86,0.001,-7.862,3
P27694,-7.874,-7.84,-7.858,-7.86,0.014,-7.874,3
P58753,-7.854,-7.847,-7.85,-7.85,0.003,-7.854,3
P06730,-7.862,-7.846,-7.851,-7.85,0.007,-7.862,3
Q9UJX5,-8.247,-7.648,-7.633,-7.84,0.286,-8.247,3
Q9NRX1,-7.822,-7.822,-7.827,-7.82,0.002,-7.827,3
P00813,-7.826,-7.797,-7.796,-7.81,0.014,-7.826,3
P21127,-7.79,-7.805,-7.807,-7.8,0.008,-7.807,3
Q15459,-7.807,-7.804,-7.793,-7.8,0.006,-7.807,3
Q8NHQ9,-7.794,-7.796,-7.806,-7.8,0.005,-7.806,3
P35573,-7.803,-7.787,-7.8,-7.8,0.007,-7.803,3
O15067,-7.795,-7.803,-7.786,-7.79,0.007,-7.803,3
P56937,-7.797,-7.785,-7.786,-7.79,0.005,-7.797,3
P25787,-7.838,-7.696,-7.826,-7.79,0.064,-7.838,3
Q6P2Q9,-7.765,-7.768,-7.792,-7.78,0.012,-7.792,3
Q8WWY3,-7.784,-7.768,-7.75,-7.77,0.014,-7.784,3
P36896,-7.776,-7.746,-7.757,-7.76,0.012,-7.776,3
Q9BW27,-7.568,-7.861,-7.856,-7.76,0.137,-7.861,3
Q14137,-7.585,-7.852,-7.85,-7.76,0.125,-7.852,3
Q9UKF6,-7.735,-7.744,-7.758,-7.75,0.009,-7.758,3
Q13951,-7.731,-7.715,-7.734,-7.73,0.008,-7.734,3
Q15904,-7.735,-7.724,-7.728,-7.73,0.005,-7.735,3
O75787,-7.719,-7.731,-7.724,-7.72,0.005,-7.731,3
P14868,-7.736,-7.71,-7.724,-7.72,0.011,-7.736,3
Q9H1C3,-7.716,-7.693,-7.721,-7.71,0.012,-7.721,3
Q9NZM5,-7.658,-7.67,-7.678,-7.67,0.008,-7.678,3
Q53GS9,-7.647,-7.616,-7.658,-7.64,0.018,-7.658,3
P08621,-7.632,-7.62,-7.663,-7.64,0.018,-7.663,3
Q86W42,-7.627,-7.656,-7.622,-7.64,0.015,-7.656,3
O95136,-7.887,-7.569,-7.441,-7.63,0.188,-7.887,3
P26358,-7.615,-7.614,-7.62,-7.62,0.003,-7.62,3
P24928,-7.604,-7.612,-7.607,-7.61,0.003,-7.612,3
P52435,-7.607,-7.599,-7.61,-7.61,0.005,-7.61,3
P30876,-7.602,-7.612,-7.609,-7.61,0.004,-7.612,3
Q14028,-7.61,-7.623,-7.601,-7.61,0.009,-7.623,3
P19387,-7.59,-7.595,-7.603,-7.6,0.005,-7.603,3
Q9P2I0,-7.587,-7.609,-7.615,-7.6,0.012,-7.615,3
O15442,-7.542,-7.527,-7.55,-7.54,0.01,-7.55,3
Q12769,-7.519,-7.543,-7.531,-7.53,0.01,-7.543,3
P68363,-7.543,-7.531,-7.521,-7.53,0.009,-7.543,3
P09884,-7.533,-7.539,-7.529,-7.53,0.004,-7.539,3
P26447,-7.663,-7.431,-7.44,-7.51,0.107,-7.663,3
Q02218,-7.562,-7.557,-7.4,-7.51,0.075,-7.562,3
P43686,-7.5,-7.499,-7.5,-7.5,0.0,-7.5,3
O96019,-7.518,-7.508,-7.481,-7.5,0.016,-7.518,3
P62333,-7.493,-7.501,-7.495,-7.5,0.003,-7.501,3
Q96HW7,-7.499,-7.495,-7.513,-7.5,0.008,-7.513,3
P17980,-7.483,-7.485,-7.504,-7.49,0.009,-7.504,3
Q96Q15,-7.477,-7.484,-7.5,-7.49,0.01,-7.5,3
P09455,-7.49,-7.47,-7.468,-7.48,0.01,-7.49,3
P27658,-7.453,-7.475,-7.477,-7.47,0.011,-7.477,3
P63267,-7.488,-7.465,-7.461,-7.47,0.012,-7.488,3
Q92551,-7.462,-7.461,-7.468,-7.46,0.003,-7.468,3
P51589,-7.471,-7.442,-7.471,-7.46,0.014,-7.471,3
Q9Y5B9,-7.452,-7.448,-7.448,-7.45,0.002,-7.452,3
A6NKT7,-7.442,-7.459,-7.44,-7.45,0.009,-7.459,3
Q9H999,-7.123,-8.05,-7.112,-7.43,0.44,-8.05,3
Q9GZZ9,-7.447,-7.362,-7.475,-7.43,0.048,-7.475,3
P25788,-7.407,-7.424,-7.392,-7.41,0.013,-7.424,3
O43660,-7.41,-7.387,-7.42,-7.41,0.014,-7.42,3
O96008,-7.403,-7.4,-7.39,-7.4,0.006,-7.403,3
P29597,-7.383,-7.384,-7.399,-7.39,0.007,-7.399,3
Q9H477,-7.378,-7.387,-7.39,-7.39,0.005,-7.39,3
P61421,-7.394,-7.385,-7.38,-7.39,0.006,-7.394,3
Q9Y5X4,-7.363,-7.378,-7.367,-7.37,0.006,-7.378,3
Q96G21,-7.358,-7.392,-7.347,-7.37,0.019,-7.392,3
O00267,-7.353,-7.38,-7.347,-7.36,0.014,-7.38,3
P52895,-7.347,-7.37,-7.349,-7.36,0.01,-7.37,3
Q99459,-7.476,-7.438,-7.141,-7.35,0.15,-7.476,3
Q9ULR0,-7.373,-7.313,-7.376,-7.35,0.029,-7.376,3
P06858,-7.089,-7.278,-7.618,-7.33,0.219,-7.618,3
Q9HCG8,-7.324,-7.338,-7.33,-7.33,0.006,-7.338,3
P47756,-7.304,-7.344,-7.322,-7.32,0.016,-7.344,3
O15379,-7.347,-7.248,-7.362,-7.32,0.051,-7.362,3
P78346,-7.319,-7.297,-7.308,-7.31,0.009,-7.319,3
Q9UI33,-7.326,-7.323,-7.294,-7.31,0.014,-7.326,3
P30968,-7.299,-7.297,-7.311,-7.3,0.006,-7.311,3
O75533,-7.303,-7.301,-7.3,-7.3,0.001,-7.303,3
Q86SF2,-7.268,-7.303,-7.303,-7.29,0.016,-7.303,3
Q9BWJ5,-7.302,-7.306,-7.272,-7.29,0.015,-7.306,3
O60566,-7.242,-7.322,-7.317,-7.29,0.037,-7.322,3
Q8IUX4,-7.323,-7.276,-7.275,-7.29,0.022,-7.323,3
Q13112,-7.354,-7.264,-7.223,-7.28,0.055,-7.354,3
Q9UKD2,-7.28,-7.281,-7.266,-7.28,0.007,-7.281,3
P25786,-7.42,-6.974,-7.408,-7.27,0.207,-7.42,3
Q04637,-7.292,-7.324,-7.185,-7.27,0.059,-7.324,3
P50570,-7.284,-7.286,-7.245,-7.27,0.019,-7.286,3
Q9UI10,-7.265,-7.264,-7.255,-7.26,0.004,-7.265,3
Q8TEZ7,-7.354,-7.217,-7.216,-7.26,0.065,-7.354,3
O75643,-7.243,-7.269,-7.259,-7.26,0.011,-7.269,3
O43242,-7.275,-7.254,-7.245,-7.26,0.013,-7.275,3
Q13489,-7.247,-7.266,-7.25,-7.25,0.008,-7.266,3
Q13535,-7.142,-7.416,-7.153,-7.24,0.127,-7.416,3
Q09161,-7.224,-7.225,-7.227,-7.23,0.001,-7.227,3
Q8TDY2,-7.465,-7.168,-7.068,-7.23,0.169,-7.465,3
Q9Y219,-7.195,-7.232,-7.24,-7.22,0.02,-7.24,3
P19883,-7.226,-7.227,-7.202,-7.22,0.012,-7.227,3
P22626,-7.633,-6.39,-7.641,-7.22,0.588,-7.641,3
Q9NYS0,-7.147,-7.348,-7.146,-7.21,0.095,-7.348,3
Q8TEA8,-7.221,-7.209,-7.208,-7.21,0.006,-7.221,3
P41159,-7.217,-7.211,-7.215,-7.21,0.002,-7.217,3
Q9UJ71,-7.203,-7.196,-7.193,-7.2,0.004,-7.203,3
Q9UBF6,-7.202,-7.147,-7.243,-7.2,0.039,-7.243,3
Q9BXP5,-7.217,-7.161,-7.232,-7.2,0.031,-7.232,3
P04843,-7.208,-7.183,-7.182,-7.19,0.012,-7.208,3
Q9GZN1,-7.146,-7.204,-7.203,-7.18,0.027,-7.204,3
Q8IWX8,-7.184,-7.171,-7.177,-7.18,0.005,-7.184,3
O95347,-7.384,-7.082,-7.07,-7.18,0.145,-7.384,3
Q16581,-7.173,-7.191,-7.177,-7.18,0.008,-7.191,3
P51665,-7.171,-7.194,-7.158,-7.17,0.015,-7.194,3
O60942,-7.173,-7.179,-7.17,-7.17,0.004,-7.179,3
Q9UP38,-7.167,-7.163,-7.148,-7.16,0.008,-7.167,3
P51788,-7.143,-7.191,-7.139,-7.16,0.024,-7.191,3
Q9HCS7,-7.155,-7.179,-7.149,-7.16,0.013,-7.179,3
P22695,-7.573,-6.944,-6.912,-7.14,0.304,-7.573,3
P07737,-7.139,-7.14,-7.126,-7.14,0.006,-7.14,3
Q99819,-7.13,-7.12,-7.15,-7.13,0.012,-7.15,3
Q9UKL4,-7.132,-7.165,-7.081,-7.13,0.035,-7.165,3
Q8WVK2,-7.146,-7.081,-7.162,-7.13,0.035,-7.162,3
Q15393,-7.3,-7.261,-6.814,-7.12,0.22,-7.3,3
Q92620,-7.113,-7.12,-7.117,-7.12,0.003,-7.12,3
O00443,-7.123,-7.113,-7.103,-7.11,0.008,-7.123,3
O14818,-7.113,-7.107,-7.103,-7.11,0.004,-7.113,3
Q8NI27,-7.286,-6.7,-7.273,-7.09,0.273,-7.286,3
Q99594,-7.054,-7.165,-7.048,-7.09,0.054,-7.165,3
Q9HCL2,-7.11,-7.058,-7.058,-7.08,0.025,-7.11,3
Q92621,-7.122,-7.07,-7.03,-7.07,0.038,-7.122,3
P07360,-7.074,-7.07,-7.078,-7.07,0.003,-7.078,3
Q8N5V2,-7.063,-7.063,-7.093,-7.07,0.014,-7.093,3
P35626,-7.059,-7.076,-7.078,-7.07,0.009,-7.078,3
O15514,-7.064,-7.052,-7.057,-7.06,0.005,-7.064,3
P36776,-7.068,-7.067,-7.051,-7.06,0.008,-7.068,3
P19388,-7.06,-7.058,-7.047,-7.06,0.006,-7.06,3
Q8N5C6,-7.061,-7.072,-7.056,-7.06,0.007,-7.072,3
Q8N1F7,-7.057,-7.053,-7.036,-7.05,0.009,-7.057,3
P08865,-7.042,-7.051,-7.046,-7.05,0.004,-7.051,3
P61218,-7.04,-7.052,-7.063,-7.05,0.009,-7.063,3
Q9NRZ7,-7.048,-7.04,-7.048,-7.05,0.004,-7.048,3
Q9Y2W2,-6.933,-6.925,-7.273,-7.04,0.162,-7.273,3
P62244,-6.981,-7.064,-7.053,-7.03,0.037,-7.064,3
P36954,-7.062,-6.984,-7.036,-7.03,0.032,-7.062,3
P13164,-7.205,-6.949,-6.914,-7.02,0.13,-7.205,3
P54219,-7.018,-7.004,-7.029,-7.02,0.01,-7.029,3
P53667,-6.988,-7.02,-7.026,-7.01,0.017,-7.026,3
Q92541,-6.958,-7.099,-6.945,-7.0,0.07,-7.099,3
Q9NX52,-7.003,-6.991,-7.019,-7.0,0.011,-7.019,3
Q9NQ94,-7.008,-6.99,-7.013,-7.0,0.01,-7.013,3
Q9UK45,-6.994,-6.991,-6.986,-6.99,0.003,-6.994,3
Q99714,-6.831,-7.075,-7.061,-6.99,0.112,-7.075,3
Q9UJX2,-6.939,-6.919,-7.083,-6.98,0.073,-7.083,3
Q9GZT9,-6.978,-6.969,-6.977,-6.97,0.004,-6.978,3
P50613,-6.866,-7.187,-6.862,-6.97,0.152,-7.187,3
P62081,-7.014,-6.875,-6.983,-6.96,0.06,-7.014,3
Q13838,-6.948,-6.966,-6.958,-6.96,0.007,-6.966,3
Q14152,-6.973,-6.976,-6.938,-6.96,0.017,-6.976,3
O95926,-6.958,-6.947,-6.956,-6.95,0.005,-6.958,3
Q9Y4Y9,-6.867,-6.986,-6.995,-6.95,0.058,-6.995,3
Q16819,-6.93,-6.945,-6.935,-6.94,0.006,-6.945,3
P62263,-6.932,-6.947,-6.938,-6.94,0.006,-6.947,3
Q92482,-6.949,-6.924,-6.924,-6.93,0.012,-6.949,3
Q15029,-6.896,-6.962,-6.929,-6.93,0.027,-6.962,3
Q9BS26,-6.779,-7.218,-6.804,-6.93,0.201,-7.218,3
Q71UI9,-6.932,-6.916,-6.92,-6.92,0.007,-6.932,3
Q99873,-6.912,-6.926,-6.898,-6.91,0.011,-6.926,3
O75427,-6.892,-6.91,-6.907,-6.9,0.008,-6.91,3
Q96J01,-6.803,-6.95,-6.939,-6.9,0.067,-6.95,3
Q6UN15,-6.874,-6.884,-6.868,-6.88,0.007,-6.884,3
P49005,-6.838,-6.881,-6.923,-6.88,0.035,-6.923,3
Q9UHX1,-6.882,-6.889,-6.875,-6.88,0.006,-6.889,3
P33993,-7.023,-6.568,-7.051,-6.88,0.221,-7.051,3
Q8TE73,-6.836,-6.918,-6.814,-6.86,0.045,-6.918,3
Q8NEP9,-6.852,-6.859,-6.861,-6.86,0.004,-6.861,3
P62318,-6.757,-6.871,-6.896,-6.84,0.06,-6.896,3
Q8WYA6,-6.867,-6.811,-6.831,-6.84,0.023,-6.867,3
Q9BYG3,-6.826,-6.847,-6.849,-6.84,0.01,-6.849,3
Q92614,-6.828,-6.84,-6.834,-6.83,0.005,-6.84,3
P40259,-6.843,-6.843,-6.814,-6.83,0.014,-6.843,3
O15530,-6.806,-6.833,-6.815,-6.82,0.011,-6.833,3
Q02535,-6.821,-6.83,-6.816,-6.82,0.006,-6.83,3
Q96L91,-7.147,-6.666,-6.648,-6.82,0.231,-7.147,3
Q2TAY7,-6.806,-6.816,-6.806,-6.81,0.005,-6.816,3
P20020,-6.792,-6.811,-6.813,-6.81,0.009,-6.813,3
Q9HBX8,-6.834,-6.786,-6.823,-6.81,0.021,-6.834,3
P62310,-6.793,-6.78,-6.823,-6.8,0.018,-6.823,3
Q14683,-6.803,-6.792,-6.794,-6.8,0.005,-6.803,3
O75818,-6.803,-6.787,-6.797,-6.8,0.007,-6.803,3
P49721,-6.753,-6.815,-6.795,-6.79,0.026,-6.815,3
P13010,-6.61,-7.181,-6.572,-6.79,0.279,-7.181,3
P49589,-6.968,-6.965,-6.446,-6.79,0.245,-6.968,3
Q9H3Y6,-6.812,-6.786,-6.776,-6.79,0.015,-6.812,3
P23471,-6.769,-6.777,-6.821,-6.79,0.023,-6.821,3
Q8N9H8,-6.76,-6.781,-6.79,-6.78,0.013,-6.79,3
Q7RTY9,-6.786,-6.793,-6.754,-6.78,0.017,-6.793,3
P17987,-6.607,-6.618,-7.089,-6.77,0.225,-7.089,3
P54136,-6.932,-6.927,-6.46,-6.77,0.221,-6.932,3
Q8IU80,-6.523,-6.892,-6.908,-6.77,0.178,-6.908,3
P07437,-6.759,-6.754,-6.755,-6.76,0.002,-6.759,3
O94925,-6.758,-6.768,-6.756,-6.76,0.005,-6.768,3
Q92966,-6.828,-6.632,-6.805,-6.76,0.087,-6.828,3
Q658P3,-6.749,-6.759,-6.749,-6.75,0.005,-6.759,3
P53621,-6.748,-6.74,-6.739,-6.74,0.004,-6.748,3
P05023,-6.76,-6.729,-6.742,-6.74,0.013,-6.76,3
Q15843,-6.925,-6.649,-6.654,-6.74,0.129,-6.925,3
Q96LW9,-6.735,-6.749,-6.74,-6.74,0.006,-6.749,3
Q8NI08,-6.744,-6.757,-6.71,-6.74,0.02,-6.757,3
Q15427,-6.73,-6.733,-6.735,-6.73,0.002,-6.735,3
Q13123,-6.749,-6.703,-6.734,-6.73,0.019,-6.749,3
Q9Y226,-6.723,-6.72,-6.711,-6.72,0.005,-6.723,3
P28340,-6.674,-6.732,-6.723,-6.71,0.025,-6.732,3
Q8WXD2,-6.596,-6.841,-6.705,-6.71,0.1,-6.841,3
O00487,-6.743,-6.732,-6.664,-6.71,0.035,-6.743,3
Q9H204,-6.708,-6.697,-6.697,-6.7,0.005,-6.708,3
Q9Y4Z0,-6.821,-6.809,-6.47,-6.7,0.163,-6.821,3
Q9Y265,-6.644,-6.729,-6.688,-6.69,0.035,-6.729,3
Q9H4A9,-6.683,-6.7,-6.68,-6.69,0.009,-6.7,3
Q86XW9,-6.683,-6.672,-6.676,-6.68,0.005,-6.683,3
P20848,-6.642,-6.69,-6.696,-6.68,0.024,-6.696,3
P33981,-6.673,-6.655,-6.712,-6.68,0.024,-6.712,3
Q13257,-6.735,-6.706,-6.545,-6.66,0.084,-6.735,3
Q00839,-6.595,-6.683,-6.693,-6.66,0.044,-6.693,3
Q99623,-6.704,-6.592,-6.621,-6.64,0.047,-6.704,3
P57771,-6.616,-6.614,-6.656,-6.63,0.019,-6.656,3
Q56UN5,-6.633,-6.633,-6.618,-6.63,0.007,-6.633,3
O95750,-6.661,-6.607,-6.602,-6.62,0.027,-6.661,3
P12956,-6.66,-6.612,-6.603,-6.62,0.025,-6.66,3
P33897,-6.644,-6.63,-6.595,-6.62,0.021,-6.644,3
O60231,-6.6,-6.613,-6.607,-6.61,0.005,-6.613,3
Q9NSE4,-6.601,-6.603,-6.606,-6.6,0.002,-6.606,3
P27449,-6.578,-6.604,-6.605,-6.6,0.012,-6.605,3
P49366,-6.596,-6.606,-6.603,-6.6,0.004,-6.606,3
P46782,-6.601,-6.592,-6.616,-6.6,0.01,-6.616,3
P16615,-6.592,-6.589,-6.585,-6.59,0.003,-6.592,3
O60346,-6.578,-6.612,-6.591,-6.59,0.014,-6.612,3
O75694,-6.637,-6.561,-6.528,-6.58,0.046,-6.637,3
P98155,-6.686,-6.554,-6.504,-6.58,0.077,-6.686,3
Q9NYW1,-6.577,-6.57,-6.568,-6.57,0.004,-6.577,3
Q96DI7,-6.559,-6.563,-6.599,-6.57,0.018,-6.599,3
Q9NY93,-6.561,-6.575,-6.564,-6.57,0.006,-6.575,3
O43854,-6.551,-6.561,-6.581,-6.56,0.012,-6.581,3
Q9NPF5,-6.562,-6.571,-6.555,-6.56,0.007,-6.571,3
Q7Z5H3,-6.645,-6.404,-6.634,-6.56,0.111,-6.645,3
Q9Y3B8,-6.494,-6.492,-6.663,-6.55,0.08,-6.663,3
Q13144,-6.54,-6.564,-6.533,-6.55,0.013,-6.564,3
O75909,-6.519,-6.559,-6.562,-6.55,0.02,-6.562,3
P78527,-6.541,-6.533,-6.533,-6.54,0.004,-6.541,3
Q92905,-6.545,-6.54,-6.531,-6.54,0.006,-6.545,3
P53634,-6.55,-6.534,-6.548,-6.54,0.007,-6.55,3
P61201,-6.537,-6.549,-6.547,-6.54,0.005,-6.549,3
P55072,-6.547,-6.489,-6.544,-6.53,0.027,-6.547,3
P49761,-6.537,-6.531,-6.529,-6.53,0.003,-6.537,3
P63272,-6.535,-6.535,-6.521,-6.53,0.007,-6.535,3
P11940,-6.533,-6.505,-6.539,-6.53,0.015,-6.539,3
O96000,-6.616,-6.475,-6.495,-6.53,0.062,-6.616,3
O14735,-6.513,-6.488,-6.557,-6.52,0.029,-6.557,3
Q96PM5,-6.602,-6.499,-6.472,-6.52,0.056,-6.602,3
Q9UJV9,-6.532,-6.486,-6.547,-6.52,0.026,-6.547,3
Q7L5N1,-6.517,-6.528,-6.503,-6.52,0.01,-6.528,3
Q6UWM5,-6.556,-6.502,-6.504,-6.52,0.025,-6.556,3
P14678,-6.507,-6.527,-6.525,-6.52,0.009,-6.527,3
Q9BXR5,-6.507,-6.505,-6.516,-6.51,0.005,-6.516,3
P48544,-6.503,-6.508,-6.493,-6.5,0.006,-6.508,3
P23246,-6.489,-6.503,-6.508,-6.5,0.008,-6.508,3
A4D1S5,-6.494,-6.483,-6.5,-6.49,0.007,-6.5,3
Q8WV22,-6.484,-6.475,-6.478,-6.48,0.004,-6.484,3
Q16543,-6.451,-6.464,-6.458,-6.46,0.005,-6.464,3
P48740,-6.45,-6.468,-6.47,-6.46,0.009,-6.47,3
Q9BVL2,-6.452,-6.469,-6.44,-6.45,0.012,-6.469,3
Q9Y4W6,-6.432,-6.442,-6.473,-6.45,0.017,-6.473,3
O60264,-6.615,-6.089,-6.639,-6.45,0.254,-6.639,3
Q9GZR7,-6.814,-6.242,-6.294,-6.45,0.258,-6.814,3
P38919,-6.44,-6.447,-6.426,-6.44,0.009,-6.447,3
O95153,-6.455,-6.432,-6.43,-6.44,0.011,-6.455,3
Q9BU64,-6.436,-6.447,-6.432,-6.44,0.006,-6.447,3
Q52LW3,-6.425,-6.422,-6.427,-6.42,0.002,-6.427,3
P10523,-6.09,-6.581,-6.595,-6.42,0.235,-6.595,3
Q14839,-6.415,-6.402,-6.41,-6.41,0.005,-6.415,3
O75343,-6.409,-6.424,-6.409,-6.41,0.007,-6.424,3
Q08AH1,-6.404,-6.406,-6.42,-6.41,0.007,-6.42,3
Q13823,-6.517,-5.982,-6.74,-6.41,0.318,-6.74,3
P01111,-6.405,-6.402,-6.404,-6.4,0.001,-6.405,3
P20248,-6.386,-6.404,-6.396,-6.4,0.007,-6.404,3
P01569,-6.409,-6.406,-6.396,-6.4,0.006,-6.409,3
Q15366,-6.388,-6.405,-6.384,-6.39,0.009,-6.405,3
P32298,-6.38,-6.392,-6.404,-6.39,0.01,-6.404,3
Q6ZVD8,-6.372,-6.402,-6.406,-6.39,0.015,-6.406,3
P62877,-6.409,-6.399,-6.376,-6.39,0.014,-6.409,3
Q16623,-6.39,-6.376,-6.388,-6.38,0.006,-6.39,3
Q99798,-6.627,-6.666,-5.822,-6.37,0.389,-6.666,3
O60508,-6.389,-6.331,-6.394,-6.37,0.029,-6.394,3
O00232,-6.359,-6.368,-6.381,-6.37,0.009,-6.381,3
Q8TE68,-6.367,-6.342,-6.371,-6.36,0.013,-6.371,3
Q15697,-6.361,-6.359,-6.361,-6.36,0.001,-6.361,3
Q8WYP5,-6.343,-6.37,-6.352,-6.36,0.011,-6.37,3
Q5VW22,-6.435,-6.463,-6.167,-6.36,0.133,-6.463,3
P11801,-6.344,-6.359,-6.369,-6.36,0.01,-6.369,3
P28074,-6.355,-6.42,-6.305,-6.36,0.047,-6.42,3
P02786,-6.424,-6.375,-6.263,-6.35,0.067,-6.424,3
Q5QJE6,-6.348,-6.338,-6.349,-6.34,0.005,-6.349,3
P28472,-6.326,-6.33,-6.328,-6.33,0.002,-6.33,3
P83876,-6.331,-6.332,-6.326,-6.33,0.003,-6.332,3
P62249,-6.313,-6.349,-6.31,-6.32,0.018,-6.349,3
Q99460,-6.294,-6.351,-6.319,-6.32,0.023,-6.351,3
Q9UPZ3,-6.195,-6.578,-6.194,-6.32,0.181,-6.578,3
Q8N7H5,-6.322,-6.307,-6.316,-6.32,0.006,-6.322,3
Q9UF02,-6.318,-6.327,-6.315,-6.32,0.005,-6.327,3
Q7KZ85,-6.234,-6.372,-6.353,-6.32,0.061,-6.372,3
P62195,-6.326,-6.313,-6.296,-6.31,0.012,-6.326,3
P68104,-6.227,-6.512,-6.179,-6.31,0.147,-6.512,3
Q9UIS9,-6.318,-6.301,-6.296,-6.3,0.009,-6.318,3
Q8TEU8,-6.294,-6.311,-6.287,-6.3,0.01,-6.311,3
P60900,-6.281,-6.282,-6.279,-6.28,0.001,-6.282,3
P31350,-6.277,-6.291,-6.278,-6.28,0.006,-6.291,3
O95411,-6.275,-6.303,-6.27,-6.28,0.015,-6.303,3
P08708,-6.265,-6.263,-6.297,-6.28,0.016,-6.297,3
Q92502,-6.39,-6.328,-6.106,-6.27,0.122,-6.39,3
Q08211,-6.268,-6.272,-6.276,-6.27,0.003,-6.276,3
Q96FN4,-6.273,-6.284,-6.249,-6.27,0.015,-6.284,3
P41223,-6.249,-6.281,-6.25,-6.26,0.015,-6.281,3
Q9UGC6,-6.263,-6.253,-6.229,-6.25,0.014,-6.263,3
Q9Y6V7,-6.24,-6.236,-6.248,-6.24,0.005,-6.248,3
Q9BUQ8,-6.242,-6.25,-6.242,-6.24,0.004,-6.25,3
O95602,-6.251,-6.245,-6.228,-6.24,0.01,-6.251,3
P09661,-6.232,-6.235,-6.229,-6.23,0.002,-6.235,3
Q15054,-6.24,-6.237,-6.222,-6.23,0.008,-6.24,3
P78556,-6.231,-6.241,-6.221,-6.23,0.008,-6.241,3
Q9UJY4,-6.256,-6.183,-6.254,-6.23,0.034,-6.256,3
Q9UNM6,-6.223,-6.235,-6.225,-6.23,0.005,-6.235,3
Q7Z6J0,-6.219,-6.216,-6.246,-6.23,0.013,-6.246,3
P52789,-6.224,-6.22,-6.224,-6.22,0.002,-6.224,3
P26640,-6.216,-6.203,-6.218,-6.21,0.007,-6.218,3
Q6UXD5,-6.212,-6.212,-6.197,-6.21,0.007,-6.212,3
Q9UPR0,-6.216,-6.203,-6.21,-6.21,0.005,-6.216,3
Q9HCJ1,-6.201,-6.195,-6.193,-6.2,0.003,-6.201,3
Q8TE49,-6.203,-6.197,-6.193,-6.2,0.004,-6.203,3
Q08945,-6.097,-6.403,-6.098,-6.2,0.144,-6.403,3
Q5T6F2,-6.195,-6.196,-6.186,-6.19,0.004,-6.196,3
Q7L014,-6.626,-5.983,-5.949,-6.19,0.311,-6.626,3
Q13177,-6.332,-6.355,-5.877,-6.19,0.22,-6.355,3
Q6UW02,-6.174,-6.139,-6.23,-6.18,0.037,-6.23,3
P78371,-6.193,-6.177,-6.18,-6.18,0.007,-6.193,3
Q8NFP9,-6.183,-6.171,-6.193,-6.18,0.009,-6.193,3
P41252,-6.161,-6.188,-6.173,-6.17,0.011,-6.188,3
P98182,-6.184,-6.141,-6.179,-6.17,0.019,-6.184,3
P13639,-6.224,-6.203,-6.093,-6.17,0.057,-6.224,3
Q9NR50,-6.15,-6.187,-6.169,-6.17,0.015,-6.187,3
Q9Y2L5,-6.13,-6.181,-6.15,-6.15,0.021,-6.181,3
P30988,-6.147,-6.151,-6.15,-6.15,0.002,-6.151,3
O75445,-6.147,-6.144,-6.123,-6.14,0.011,-6.147,3
Q02790,-6.153,-6.133,-6.137,-6.14,0.009,-6.153,3
P49770,-5.931,-6.248,-6.238,-6.14,0.147,-6.248,3
Q14643,-6.113,-6.107,-6.126,-6.12,0.008,-6.126,3
Q8TAW3,-6.071,-6.155,-6.14,-6.12,0.037,-6.155,3
O95453,-6.119,-6.12,-6.129,-6.12,0.004,-6.129,3
Q9GZR1,-6.115,-6.118,-6.118,-6.12,0.001,-6.118,3
Q9BZL1,-6.104,-6.108,-6.108,-6.11,0.002,-6.108,3
O94761,-6.095,-6.11,-6.096,-6.1,0.007,-6.11,3
O60765,-6.091,-6.101,-6.116,-6.1,0.01,-6.116,3
P07098,-6.184,-6.099,-6.023,-6.1,0.066,-6.184,3
Q96CJ1,-6.097,-6.089,-6.086,-6.09,0.005,-6.097,3
O95749,-6.085,-6.064,-6.064,-6.07,0.01,-6.085,3
Q13347,-5.99,-6.094,-6.115,-6.07,0.055,-6.115,3
P49720,-6.067,-6.069,-6.042,-6.06,0.012,-6.069,3
Q8TDD1,-6.118,-6.023,-6.038,-6.06,0.042,-6.118,3
O43172,-6.119,-5.916,-6.115,-6.05,0.095,-6.119,3
O43395,-6.121,-6.024,-6.016,-6.05,0.048,-6.121,3
P28072,-6.048,-6.05,-6.028,-6.04,0.01,-6.05,3
P41227,-6.571,-5.761,-5.794,-6.04,0.374,-6.571,3
P61923,-6.038,-6.027,-6.04,-6.04,0.006,-6.04,3
P25789,-6.038,-6.041,-6.045,-6.04,0.003,-6.045,3
P38159,-6.049,-6.063,-6.023,-6.04,0.017,-6.063,3
Q99816,-6.051,-6.03,-6.013,-6.03,0.016,-6.051,3
Q9Y230,-6.029,-6.022,-6.027,-6.03,0.003,-6.029,3
O60244,-5.98,-6.049,-6.051,-6.03,0.033,-6.051,3
P36957,-6.052,-6.032,-6.017,-6.03,0.014,-6.052,3
Q99627,-6.047,-6.061,-5.975,-6.03,0.038,-6.061,3
O14862,-6.042,-6.043,-6.013,-6.03,0.014,-6.043,3
Q9UQ35,-6.016,-6.063,-6.0,-6.03,0.027,-6.063,3
Q9H211,-6.233,-6.263,-5.559,-6.02,0.325,-6.263,3
Q00610,-6.019,-6.017,-6.02,-6.02,0.001,-6.02,3
P15863,-5.997,-6.006,-6.009,-6.0,0.005,-6.009,3
Q5W5X9,-5.999,-5.984,-6.01,-6.0,0.011,-6.01,3
Q96RU7,-6.016,-5.977,-6.008,-6.0,0.017,-6.016,3
Q2NKX8,-5.997,-5.995,-6.005,-6.0,0.004,-6.005,3
P28328,-6.005,-5.991,-6.017,-6.0,0.011,-6.017,3
P43003,-6.008,-6.01,-5.974,-6.0,0.017,-6.01,3
O00470,-6.002,-5.98,-5.978,-5.99,0.011,-6.002,3
Q93063,-5.961,-5.958,-6.044,-5.99,0.04,-6.044,3
Q8N5C8,-5.962,-5.997,-5.98,-5.98,0.014,-5.997,3
P61604,-5.994,-5.972,-5.984,-5.98,0.009,-5.994,3
P84103,-5.966,-5.973,-5.98,-5.97,0.006,-5.98,3
O43670,-5.966,-5.949,-5.972,-5.96,0.01,-5.972,3
P48643,-5.958,-5.972,-5.955,-5.96,0.007,-5.972,3
O75821,-5.973,-5.939,-5.963,-5.96,0.014,-5.973,3
Q9NQU5,-5.967,-5.957,-5.962,-5.96,0.004,-5.967,3
O60506,-5.924,-5.922,-5.936,-5.93,0.006,-5.936,3
Q9BW04,-5.945,-5.912,-5.938,-5.93,0.014,-5.945,3
P62140,-5.659,-6.068,-6.066,-5.93,0.192,-6.068,3
Q8IVH8,-5.915,-5.875,-5.96,-5.92,0.035,-5.96,3
P10244,-5.915,-5.926,-5.912,-5.92,0.006,-5.926,3
Q96HR3,-6.131,-5.809,-5.78,-5.91,0.159,-6.131,3
P08571,-5.917,-5.894,-5.877,-5.9,0.016,-5.917,3
O00337,-5.884,-5.907,-5.898,-5.9,0.009,-5.907,3
O15042,-5.834,-5.93,-5.944,-5.9,0.049,-5.944,3
Q9UMS4,-5.885,-5.885,-5.885,-5.89,0.0,-5.885,3
A6NED2,-5.976,-5.993,-5.709,-5.89,0.13,-5.993,3
P22314,-5.88,-5.899,-5.901,-5.89,0.009,-5.901,3
P46781,-5.83,-5.816,-6.015,-5.89,0.091,-6.015,3
P09234,-5.921,-5.808,-5.924,-5.88,0.054,-5.924,3
P10124,-5.877,-5.873,-5.882,-5.88,0.004,-5.882,3
Q9P286,-5.898,-5.898,-5.858,-5.88,0.019,-5.898,3
Q96GQ7,-5.862,-5.852,-5.879,-5.86,0.011,-5.879,3
P40227,-5.843,-5.837,-5.86,-5.85,0.01,-5.86,3
O14976,-5.847,-5.858,-5.853,-5.85,0.004,-5.858,3
Q99578,-5.842,-5.836,-5.847,-5.84,0.004,-5.847,3
Q9Y3B4,-5.847,-5.842,-5.84,-5.84,0.003,-5.847,3
Q13200,-5.82,-5.818,-5.836,-5.82,0.008,-5.836,3
P43243,-5.812,-5.829,-5.82,-5.82,0.007,-5.829,3
P35998,-5.804,-5.819,-5.839,-5.82,0.014,-5.839,3
Q9P2B2,-5.853,-5.85,-5.74,-5.81,0.053,-5.853,3
Q96I25,-5.778,-5.823,-5.82,-5.81,0.021,-5.823,3
Q86U42,-5.814,-5.804,-5.811,-5.81,0.004,-5.814,3
Q14240,-5.8,-5.811,-5.797,-5.8,0.006,-5.811,3
P14866,-6.044,-5.661,-5.657,-5.79,0.181,-6.044,3
P52948,-5.789,-5.795,-5.791,-5.79,0.002,-5.795,3
Q8NGC6,-5.784,-5.772,-5.78,-5.78,0.005,-5.784,3
Q14213,-5.737,-5.812,-5.735,-5.76,0.036,-5.812,3
P62979,-5.818,-5.668,-5.793,-5.76,0.066,-5.818,3
P25398,-5.763,-5.839,-5.685,-5.76,0.063,-5.839,3
P48444,-5.767,-5.735,-5.746,-5.75,0.013,-5.767,3
Q9UBL3,-5.753,-5.737,-5.751,-5.75,0.007,-5.753,3
O43290,-5.776,-5.761,-5.72,-5.75,0.024,-5.776,3
P55060,-5.742,-5.745,-5.743,-5.74,0.001,-5.745,3
Q93096,-5.733,-5.743,-5.729,-5.74,0.006,-5.743,3
P18615,-5.743,-5.764,-5.723,-5.74,0.017,-5.764,3
O43164,-5.753,-5.734,-5.734,-5.74,0.009,-5.753,3
O15392,-5.732,-5.734,-5.725,-5.73,0.004,-5.734,3
Q01968,-5.725,-5.75,-5.705,-5.73,0.018,-5.75,3
Q96AE4,-5.72,-5.705,-5.715,-5.71,0.006,-5.72,3
P13500,-5.706,-5.688,-5.721,-5.71,0.013,-5.721,3
Q13765,-5.716,-5.707,-5.703,-5.71,0.005,-5.716,3
Q9Y5B0,-5.736,-5.606,-5.743,-5.7,0.063,-5.743,3
O95256,-5.684,-5.7,-5.724,-5.7,0.016,-5.724,3
Q16534,-5.695,-5.689,-5.681,-5.69,0.006,-5.695,3
Q8N5Y2,-5.698,-5.693,-5.65,-5.68,0.022,-5.698,3
P17480,-5.68,-5.703,-5.664,-5.68,0.016,-5.703,3
Q9UM63,-5.669,-5.698,-5.669,-5.68,0.014,-5.698,3
P12270,-5.669,-5.674,-5.671,-5.67,0.002,-5.674,3
Q8TCT7,-5.686,-5.666,-5.665,-5.67,0.01,-5.686,3
P39019,-5.674,-5.664,-5.667,-5.67,0.004,-5.674,3
P42285,-5.679,-5.665,-5.67,-5.67,0.006,-5.679,3
Q7RTX1,-5.671,-5.667,-5.674,-5.67,0.003,-5.674,3
P54920,-5.63,-5.644,-5.636,-5.64,0.006,-5.644,3
P38646,-5.625,-5.641,-5.629,-5.63,0.007,-5.641,3
Q9BQA1,-5.634,-5.637,-5.627,-5.63,0.004,-5.637,3
Q8TDM6,-5.635,-5.628,-5.625,-5.63,0.004,-5.635,3
O00231,-5.735,-5.578,-5.562,-5.62,0.078,-5.735,3
P04271,-5.63,-5.622,-5.612,-5.62,0.007,-5.63,3
O76075,-5.616,-5.62,-5.611,-5.62,0.004,-5.62,3
P33947,-5.62,-5.62,-5.577,-5.61,0.02,-5.62,3
P49756,-5.613,-5.659,-5.572,-5.61,0.036,-5.659,3
Q15370,-5.597,-5.614,-5.606,-5.61,0.007,-5.614,3
Q93077,-5.613,-5.612,-5.613,-5.61,0.0,-5.613,3
P35244,-5.625,-5.585,-5.588,-5.6,0.018,-5.625,3
Q6WCQ1,-5.768,-5.489,-5.542,-5.6,0.121,-5.768,3
Q14587,-5.589,-5.591,-5.603,-5.59,0.006,-5.603,3
Q76N89,-5.577,-5.579,-5.564,-5.57,0.007,-5.579,3
Q9UK39,-5.584,-5.615,-5.509,-5.57,0.044,-5.615,3
P35606,-5.566,-5.553,-5.575,-5.56,0.009,-5.575,3
Q9UNQ2,-5.591,-5.495,-5.564,-5.55,0.04,-5.591,3
P26368,-5.533,-5.523,-5.59,-5.55,0.03,-5.59,3
Q9H0S4,-5.542,-5.546,-5.546,-5.54,0.002,-5.546,3
P23528,-5.532,-5.526,-5.533,-5.53,0.003,-5.533,3
P06132,-5.582,-5.498,-5.505,-5.53,0.038,-5.582,3
P52594,-5.525,-5.528,-5.53,-5.53,0.002,-5.53,3
Q14186,-5.679,-5.202,-5.674,-5.52,0.224,-5.679,3
Q8TF42,-5.563,-5.572,-5.384,-5.51,0.087,-5.572,3
Q92485,-5.518,-5.505,-5.514,-5.51,0.005,-5.518,3
P49591,-5.49,-5.499,-5.483,-5.49,0.007,-5.499,3
P02766,-5.444,-5.568,-5.45,-5.49,0.057,-5.568,3
P05111,-5.509,-5.505,-5.42,-5.48,0.041,-5.509,3
Q9UBU9,-5.515,-5.445,-5.493,-5.48,0.029,-5.515,3
P61970,-5.471,-5.476,-5.467,-5.47,0.004,-5.476,3
O96009,-5.482,-5.466,-5.472,-5.47,0.007,-5.482,3
P04632,-5.478,-5.49,-5.454,-5.47,0.015,-5.49,3
Q9Y547,-5.467,-5.475,-5.465,-5.47,0.004,-5.475,3
O95218,-5.469,-5.457,-5.465,-5.46,0.005,-5.469,3
Q9H944,-5.445,-5.471,-5.467,-5.46,0.011,-5.471,3
P21283,-5.443,-5.47,-5.456,-5.46,0.011,-5.47,3
Q9NQS7,-5.45,-5.46,-5.448,-5.45,0.005,-5.46,3
P09429,-5.447,-5.438,-5.433,-5.44,0.006,-5.447,3
Q13702,-5.436,-5.442,-5.442,-5.44,0.003,-5.442,3
Q9Y2R2,-5.449,-5.409,-5.471,-5.44,0.026,-5.471,3
Q8IUN9,-5.424,-5.414,-5.456,-5.43,0.018,-5.456,3
Q8N878,-5.415,-5.426,-5.418,-5.42,0.005,-5.426,3
Q96CW1,-5.432,-5.415,-5.419,-5.42,0.007,-5.432,3
P55081,-5.694,-5.267,-5.281,-5.41,0.198,-5.694,3
P56559,-5.422,-5.396,-5.389,-5.4,0.014,-5.422,3
Q96TA2,-5.401,-5.371,-5.413,-5.4,0.018,-5.413,3
P63279,-5.385,-5.386,-5.389,-5.39,0.002,-5.389,3
Q96EY1,-5.387,-5.364,-5.377,-5.38,0.009,-5.387,3
Q01167,-5.418,-5.316,-5.41,-5.38,0.046,-5.418,3
Q9H257,-5.401,-5.327,-5.381,-5.37,0.031,-5.401,3
Q16619,-5.36,-5.379,-5.363,-5.37,0.008,-5.379,3
P0CG47,-5.445,-5.224,-5.452,-5.37,0.106,-5.452,3
P01583,-5.367,-5.376,-5.374,-5.37,0.004,-5.376,3
Q86VM9,-5.363,-5.375,-5.333,-5.36,0.018,-5.375,3
O75352,-5.331,-5.349,-5.366,-5.35,0.014,-5.366,3
P52272,-5.323,-5.369,-5.347,-5.35,0.019,-5.369,3
Q4G0N8,-5.345,-5.308,-5.37,-5.34,0.025,-5.37,3
P02810,-5.37,-5.348,-5.276,-5.33,0.04,-5.37,3
Q99633,-5.337,-5.325,-5.33,-5.33,0.005,-5.337,3
Q13435,-5.302,-5.298,-5.366,-5.32,0.031,-5.366,3
Q7Z7J9,-5.302,-5.302,-5.312,-5.31,0.005,-5.312,3
Q6P1N0,-5.346,-5.33,-5.241,-5.31,0.046,-5.346,3
P62851,-5.385,-5.065,-5.425,-5.29,0.161,-5.425,3
Q14585,-5.281,-5.282,-5.305,-5.29,0.011,-5.305,3
Q9H4I2,-5.288,-5.282,-5.303,-5.29,0.009,-5.303,3
Q96QS6,-5.278,-5.292,-5.281,-5.28,0.006,-5.292,3
Q15040,-5.27,-5.291,-5.272,-5.28,0.009,-5.291,3
Q6ZSI9,-5.278,-5.295,-5.271,-5.28,0.01,-5.295,3
P63244,-5.234,-5.274,-5.298,-5.27,0.026,-5.298,3
Q15648,-5.272,-5.249,-5.264,-5.26,0.01,-5.272,3
O95243,-5.288,-5.178,-5.271,-5.25,0.048,-5.288,3
P84090,-5.236,-5.248,-5.238,-5.24,0.005,-5.248,3
Q14978,-5.213,-5.245,-5.222,-5.23,0.013,-5.245,3
Q9Y5H5,-5.213,-5.23,-5.206,-5.22,0.01,-5.23,3
P35503,-5.234,-5.227,-5.208,-5.22,0.011,-5.234,3
Q86V81,-5.218,-5.202,-5.212,-5.21,0.007,-5.218,3
P23396,-5.217,-5.193,-5.21,-5.21,0.01,-5.217,3
P35232,-5.191,-5.189,-5.192,-5.19,0.001,-5.192,3
Q9BXI2,-5.182,-5.195,-5.202,-5.19,0.008,-5.202,3
Q9ULX5,-5.107,-5.209,-5.219,-5.18,0.051,-5.219,3
P62826,-5.122,-5.313,-5.08,-5.17,0.101,-5.313,3
O14745,-5.159,-5.193,-5.167,-5.17,0.015,-5.193,3
Q9NWA0,-5.142,-5.152,-5.16,-5.15,0.007,-5.16,3
P09629,-5.133,-5.13,-5.15,-5.14,0.009,-5.15,3
Q86YE8,-5.108,-5.139,-5.14,-5.13,0.015,-5.14,3
P55769,-5.139,-5.126,-5.129,-5.13,0.006,-5.139,3
P61244,-5.108,-5.118,-5.152,-5.13,0.019,-5.152,3
P04179,-5.082,-5.113,-5.096,-5.1,0.013,-5.113,3
P51610,-5.092,-5.089,-5.092,-5.09,0.001,-5.092,3
P61978,-5.089,-5.076,-5.107,-5.09,0.013,-5.107,3
Q8WUB2,-5.074,-5.059,-5.07,-5.07,0.006,-5.074,3
Q96LB4,-5.065,-5.065,-5.084,-5.07,0.009,-5.084,3
Q13404,-5.057,-5.056,-5.048,-5.05,0.004,-5.057,3
Q15435,-4.943,-5.24,-4.981,-5.05,0.132,-5.24,3
Q15363,-5.046,-5.041,-5.031,-5.04,0.006,-5.046,3
Q14919,-5.037,-5.014,-5.056,-5.04,0.017,-5.056,3
Q15428,-5.039,-5.04,-5.021,-5.03,0.009,-5.04,3
Q9Y6A5,-5.014,-5.017,-5.014,-5.02,0.001,-5.017,3
Q14623,-5.03,-5.012,-5.01,-5.02,0.009,-5.03,3
Q92844,-5.019,-5.01,-5.014,-5.01,0.004,-5.019,3
Q99795,-4.974,-4.978,-5.045,-5.0,0.033,-5.045,3
O60784,-4.951,-4.96,-4.947,-4.95,0.005,-4.96,3
P46783,-4.718,-4.89,-5.214,-4.94,0.206,-5.214,3
P62273,-4.926,-4.926,-4.926,-4.93,0.0,-4.926,3
Q7RTV0,-4.911,-4.901,-4.905,-4.91,0.004,-4.911,3
Q16629,-4.908,-4.893,-4.894,-4.9,0.007,-4.908,3
O95944,-4.862,-4.915,-4.924,-4.9,0.027,-4.924,3
A8K7I4,-4.872,-4.892,-4.947,-4.9,0.032,-4.947,3
Q14008,-4.601,-5.035,-5.022,-4.89,0.202,-5.035,3
P0DW28,-4.887,-4.887,-4.878,-4.88,0.004,-4.887,3
P29374,-4.883,-4.874,-4.867,-4.87,0.007,-4.883,3
P10242,-4.854,-4.854,-4.859,-4.86,0.002,-4.859,3
Q96EQ8,-4.853,-4.854,-4.842,-4.85,0.005,-4.854,3
Q9BQE5,-4.837,-4.845,-4.827,-4.84,0.007,-4.845,3
P10809,-4.841,-4.853,-4.833,-4.84,0.008,-4.853,3
Q99550,-4.826,-4.846,-4.818,-4.83,0.012,-4.846,3
Q14498,-4.712,-4.836,-4.918,-4.82,0.085,-4.918,3
P29377,-4.756,-4.759,-4.767,-4.76,0.005,-4.767,3
Q07955,-4.628,-4.638,-4.943,-4.74,0.146,-4.943,3
Q9Y286,-4.732,-4.744,-4.741,-4.74,0.005,-4.744,3
A0A8I5KQE6,-4.711,-4.721,-4.713,-4.72,0.004,-4.721,3
P04155,-4.717,-4.706,-4.726,-4.72,0.008,-4.726,3
Q5T200,-4.768,-4.712,-4.647,-4.71,0.049,-4.768,3
Q52LR7,-4.428,-4.789,-4.812,-4.68,0.176,-4.812,3
Q9NYQ6,-4.521,-5.008,-4.493,-4.67,0.236,-5.008,3
P63218,-4.65,-4.659,-4.671,-4.66,0.009,-4.671,3
Q6ZVN7,-4.582,-4.584,-4.555,-4.57,0.013,-4.584,3
P62753,-4.544,-4.546,-4.555,-4.55,0.005,-4.555,3
O60841,-4.551,-4.543,-4.517,-4.54,0.015,-4.551,3
Q06265,-4.475,-4.468,-4.632,-4.52,0.076,-4.632,3
Q9BUA6,-4.533,-4.508,-4.521,-4.52,0.01,-4.533,3
P19013,-4.485,-4.518,-4.497,-4.5,0.014,-4.518,3
Q15287,-4.461,-4.452,-4.457,-4.46,0.004,-4.461,3
Q9Y224,-4.452,-4.448,-4.445,-4.45,0.003,-4.452,3
O14503,-4.401,-4.408,-4.436,-4.42,0.015,-4.436,3
P62701,-4.472,-4.279,-4.485,-4.41,0.094,-4.485,3
P60896,-4.338,-4.328,-4.571,-4.41,0.112,-4.571,3
Q04741,-4.404,-4.399,-4.39,-4.4,0.006,-4.404,3
P07910,-4.383,-4.389,-4.39,-4.39,0.003,-4.39,3
Q05682,-4.214,-4.428,-4.415,-4.35,0.098,-4.428,3
Q9UKM9,-4.33,-4.338,-4.342,-4.34,0.005,-4.342,3
Q96JN0,-4.319,-4.312,-4.314,-4.32,0.003,-4.319,3
P04216,-4.257,-4.254,-4.256,-4.26,0.001,-4.257,3
E9PAV3,-4.228,-4.211,-4.224,-4.22,0.007,-4.228,3
Q5FBB7,-4.168,-4.154,-4.18,-4.17,0.011,-4.18,3
Q9H307,-4.034,-4.052,-4.081,-4.06,0.019,-4.081,3
Q96EV8,-4.03,-4.029,-4.031,-4.03,0.001,-4.031,3
P12524,-4.234,-3.93,-3.939,-4.03,0.141,-4.234,3
P43034,-3.986,-4.133,-3.853,-3.99,0.114,-4.133,3
P55287,-3.947,-3.934,-3.948,-3.94,0.006,-3.948,3
Q8NFW8,-3.931,-3.944,-3.915,-3.93,0.012,-3.944,3
P08754,-3.295,-3.446,-3.689,-3.48,0.162,-3.689,3
P98175,-3.466,-3.467,-3.469,-3.47,0.001,-3.469,3
Q01518,-1.629,-1.645,-1.631,-1.64,0.007,-1.645,3
Q15833,2.189,2.172,2.204,2.19,0.013,2.172,3
P11474,3.417,3.44,3.413,3.42,0.012,3.413,3
Q5TDH0,4.234,4.252,4.212,4.23,0.016,4.212,3
P47224,5.177,5.17,5.236,5.19,0.03,5.17,3
Q8WWZ1,7.204,7.166,7.154,7.17,0.021,7.154,3
