UniProt_ID	Count	Sources
P05771	3	Swiss, ChEMBL, MTPRC
P06493	3	Swiss, ChEMBL, MTPRC
P08183	3	Swiss, ChEMBL, MTPRC
P09874	3	Swiss, ChEMBL, MTPRC
P17252	3	Swiss, ChEMBL, MTPRC
P24723	3	Swiss, ChEMBL, MTPRC
P31749	3	Swiss, ChEMBL, MTPRC
P35354	3	Swiss, ChEMBL, MTPRC
P42574	3	Swiss, ChEMBL, MTPRC
P45983	3	Swiss, ChEMBL, MTPRC
P50579	3	Swiss, ChEMBL, MTPRC
P98170	3	Swiss, ChEMBL, MTPRC
Q02156	3	Swiss, ChEMBL, MTPRC
Q03181	3	Swiss, ChEMBL, MTPRC
Q04759	3	Swiss, ChEMBL, MTPRC
Q05655	3	Swiss, ChEMBL, MTPRC
Q9UGN5	3	Swiss, ChEMBL, MTPRC
B2RXH2	2	Swiss, MTPRC
O00311	2	Swiss, MTPRC
O14684	2	ChEMBL, MTPRC
O14746	2	Swiss, MTPRC
O14757	2	Swiss, MTPRC
O14965	2	ChEMBL, MTPRC
O43570	2	ChEMBL, MTPRC
O60502	2	Swiss, ChEMBL
O60760	2	ChEMBL, MTPRC
O60885	2	ChEMBL, MTPRC
O70536	2	ChEMBL, MTPRC
O75460	2	Swiss, MTPRC
O75907	2	ChEMBL, MTPRC
O95835	2	ChEMBL, MTPRC
P00338	2	Swiss, MTPRC
P00519	2	ChEMBL, MTPRC
P00533	2	ChEMBL, MTPRC
P00734	2	Swiss, MTPRC
P00742	2	ChEMBL, MTPRC
P00915	2	ChEMBL, MTPRC
P00918	2	ChEMBL, MTPRC
P01106	2	ChEMBL, MTPRC
P01116	2	ChEMBL, MTPRC
P01375	2	ChEMBL, MTPRC
P03372	2	ChEMBL, MTPRC
P03956	2	Swiss, MTPRC
P04049	2	ChEMBL, MTPRC
P04062	2	Swiss, MTPRC
P04150	2	ChEMBL, MTPRC
P04626	2	ChEMBL, MTPRC
P04629	2	ChEMBL, MTPRC
P04798	2	ChEMBL, MTPRC
P04818	2	Swiss, MTPRC
P05067	2	ChEMBL, MTPRC
P05129	2	Swiss, ChEMBL
P05164	2	Swiss, MTPRC
P05177	2	ChEMBL, MTPRC
P05412	2	Swiss, ChEMBL
P05979	2	ChEMBL, MTPRC
P06239	2	ChEMBL, MTPRC
P06401	2	ChEMBL, MTPRC
P07333	2	ChEMBL, MTPRC
P07451	2	Swiss, ChEMBL
P07477	2	Swiss, MTPRC
P07711	2	ChEMBL, MTPRC
P07858	2	ChEMBL, MTPRC
P07900	2	ChEMBL, MTPRC
P07948	2	ChEMBL, MTPRC
P07949	2	ChEMBL, MTPRC
P08172	2	Swiss, MTPRC
P08235	2	ChEMBL, MTPRC
P08238	2	ChEMBL, MTPRC
P08581	2	ChEMBL, MTPRC
P08631	2	ChEMBL, MTPRC
P08684	2	ChEMBL, MTPRC
P08842	2	ChEMBL, MTPRC
P08908	2	ChEMBL, MTPRC
P08922	2	ChEMBL, MTPRC
P09237	2	Swiss, MTPRC
P09581	2	ChEMBL, MTPRC
P0DMS8	2	Swiss, MTPRC
P0DTD1	2	ChEMBL, MTPRC
P10253	2	Swiss, MTPRC
P10275	2	ChEMBL, MTPRC
P10619	2	ChEMBL, MTPRC
P10635	2	ChEMBL, MTPRC
P10721	2	ChEMBL, MTPRC
P10827	2	ChEMBL, MTPRC
P10828	2	ChEMBL, MTPRC
P11362	2	ChEMBL, MTPRC
P11509	2	ChEMBL, MTPRC
P11712	2	ChEMBL, MTPRC
P11802	2	ChEMBL, MTPRC
P12268	2	Swiss, MTPRC
P12931	2	ChEMBL, MTPRC
P13569	2	Swiss, ChEMBL
P13866	2	Swiss, MTPRC
P14625	2	ChEMBL, MTPRC
P15056	2	ChEMBL, MTPRC
P15121	2	ChEMBL, MTPRC
P15144	2	ChEMBL, MTPRC
P15207	2	ChEMBL, MTPRC
P17612	2	Swiss, ChEMBL
P19099	2	Swiss, MTPRC
P19634	2	ChEMBL, MTPRC
P19793	2	ChEMBL, MTPRC
P21802	2	ChEMBL, MTPRC
P21964	2	Swiss, ChEMBL
P21980	2	ChEMBL, MTPRC
P22455	2	ChEMBL, MTPRC
P22607	2	ChEMBL, MTPRC
P22748	2	ChEMBL, MTPRC
P22894	2	Swiss, MTPRC
P23219	2	ChEMBL, MTPRC
P23280	2	ChEMBL, MTPRC
P23443	2	ChEMBL, MTPRC
P24941	2	ChEMBL, MTPRC
P25025	2	ChEMBL, MTPRC
P25103	2	Swiss, MTPRC
P25106	2	ChEMBL, MTPRC
P25440	2	ChEMBL, MTPRC
P25774	2	ChEMBL, MTPRC
P27958	2	ChEMBL, MTPRC
P28221	2	ChEMBL, MTPRC
P28222	2	ChEMBL, MTPRC
P28223	2	ChEMBL, MTPRC
P28335	2	ChEMBL, MTPRC
P28482	2	ChEMBL, MTPRC
P29274	2	Swiss, MTPRC
P29275	2	Swiss, MTPRC
P29475	2	Swiss, MTPRC
P30530	2	ChEMBL, MTPRC
P30542	2	Swiss, MTPRC
P31639	2	Swiss, MTPRC
P31645	2	Swiss, MTPRC
P31751	2	ChEMBL, MTPRC
P32246	2	ChEMBL, MTPRC
P33261	2	ChEMBL, MTPRC
P33527	2	ChEMBL, MTPRC
P33535	2	ChEMBL, MTPRC
P34969	2	ChEMBL, MTPRC
P34972	2	Swiss, MTPRC
P34995	2	Swiss, MTPRC
P35218	2	ChEMBL, MTPRC
P35372	2	ChEMBL, MTPRC
P35439	2	ChEMBL, MTPRC
P35610	2	ChEMBL, MTPRC
P35968	2	ChEMBL, MTPRC
P37231	2	ChEMBL, MTPRC
P37840	2	ChEMBL, MTPRC
P41145	2	Swiss, MTPRC
P41595	2	ChEMBL, MTPRC
P41597	2	ChEMBL, MTPRC
P42336	2	Swiss, MTPRC
P42345	2	ChEMBL, MTPRC
P42858	2	ChEMBL, MTPRC
P43116	2	Swiss, MTPRC
P43166	2	ChEMBL, MTPRC
P43235	2	ChEMBL, MTPRC
P45984	2	ChEMBL, MTPRC
P46098	2	ChEMBL, MTPRC
P47898	2	ChEMBL, MTPRC
P49327	2	ChEMBL, MTPRC
P49336	2	ChEMBL, MTPRC
P49682	2	ChEMBL, MTPRC
P50406	2	ChEMBL, MTPRC
P50750	2	ChEMBL, MTPRC
P51449	2	ChEMBL, MTPRC
P51450	2	ChEMBL, MTPRC
P51677	2	ChEMBL, MTPRC
P51679	2	ChEMBL, MTPRC
P51681	2	ChEMBL, MTPRC
P51686	2	ChEMBL, MTPRC
P53582	2	Swiss, ChEMBL
P53779	2	ChEMBL, MTPRC
P55055	2	ChEMBL, MTPRC
P55210	2	Swiss, MTPRC
P55212	2	Swiss, MTPRC
P55263	2	Swiss, MTPRC
P61073	2	ChEMBL, MTPRC
P61964	2	ChEMBL, MTPRC
P62942	2	ChEMBL, MTPRC
P68400	2	Swiss, MTPRC
P78536	2	Swiss, MTPRC
P79208	2	ChEMBL, MTPRC
Q00534	2	ChEMBL, MTPRC
Q01959	2	Swiss, MTPRC
Q02750	2	ChEMBL, MTPRC
Q03164	2	ChEMBL, MTPRC
Q05769	2	ChEMBL, MTPRC
Q06187	2	ChEMBL, MTPRC
Q07869	2	ChEMBL, MTPRC
Q07889	2	ChEMBL, MTPRC
Q12809	2	ChEMBL, MTPRC
Q12866	2	ChEMBL, MTPRC
Q13043	2	ChEMBL, MTPRC
Q13133	2	ChEMBL, MTPRC
Q13490	2	ChEMBL, MTPRC
Q13546	2	ChEMBL, MTPRC
Q13639	2	ChEMBL, MTPRC
Q14790	2	Swiss, MTPRC
Q15059	2	ChEMBL, MTPRC
Q15303	2	ChEMBL, MTPRC
Q15910	2	ChEMBL, MTPRC
Q16288	2	ChEMBL, MTPRC
Q16620	2	ChEMBL, MTPRC
Q16665	2	ChEMBL, MTPRC
Q16790	2	ChEMBL, MTPRC
Q86V86	2	Swiss, MTPRC
Q95214	2	ChEMBL, MTPRC
Q96GD4	2	ChEMBL, MTPRC
Q96KQ7	2	Swiss, MTPRC
Q96RI1	2	ChEMBL, MTPRC
Q99685	2	Swiss, MTPRC
Q9H7Z7	2	ChEMBL, MTPRC
Q9NWZ3	2	Swiss, MTPRC
Q9P1W9	2	Swiss, MTPRC
Q9UDY8	2	ChEMBL, MTPRC
Q9ULX7	2	ChEMBL, MTPRC
Q9Y243	2	ChEMBL, MTPRC
Q9Y2D0	2	ChEMBL, MTPRC
Q9Y468	2	ChEMBL, MTPRC
A0A060INS8	1	ChEMBL
A0A0B7LH44	1	ChEMBL
A0A0C5PRQ1	1	ChEMBL
A0A3Q4L2S8	1	ChEMBL
A0A8C0MX51	1	ChEMBL
A0A8C0PLT7	1	ChEMBL
A0A8C0QLS2	1	ChEMBL
A0A8C0RD54	1	ChEMBL
A0A8I3N393	1	ChEMBL
A0A8I3NDW2	1	ChEMBL
A0A8I3PGG6	1	ChEMBL
A0A8I3PGY9	1	ChEMBL
A0A8I3PU21	1	ChEMBL
A0A8I3PUQ8	1	ChEMBL
A0A8I3Q258	1	ChEMBL
A0A8P0PQR2	1	ChEMBL
A0QVH7	1	ChEMBL
A1Z1Q3	1	ChEMBL
A3EZI9	1	ChEMBL
A3EZJ3	1	MTPRC
A4D1B5	1	ChEMBL
A4GXC7	1	ChEMBL
A5X5Y0	1	ChEMBL
A6I4C9	1	ChEMBL
A6XA80	1	ChEMBL
A8MPY1	1	ChEMBL
A8Q2D1	1	ChEMBL
A8QIU4	1	ChEMBL
Accessions	1	ChEMBL
B0FL73	1	MTPRC
B2RX12	1	ChEMBL
B4FS76	1	ChEMBL
B4URF0	1	MTPRC
B5ATN6	1	ChEMBL
B6W0N3	1	ChEMBL
B8PY99	1	ChEMBL
B8RG26	1	ChEMBL
C6ARS9	1	ChEMBL
D2K2A8	1	ChEMBL
D3YZP9	1	ChEMBL
E0WN35	1	ChEMBL
E2R2X3	1	ChEMBL
E3UJZ5	1	ChEMBL
E5L6Y0	1	ChEMBL
E5L6Y1	1	ChEMBL
E9B7X3	1	ChEMBL
ENSG00000110245	1	ChEMBL
ENSG00000154229	1	ChEMBL
ENSG00000276536	1	ChEMBL
F1M3J4	1	ChEMBL
F6ZDS4	1	ChEMBL
G3EFH9	1	ChEMBL
G3H9J3	1	ChEMBL
G4XX53	1	ChEMBL
H9YX08	1	ChEMBL
K9N7C7	1	ChEMBL
M9NE13	1	ChEMBL
O00142	1	Swiss
O00217	1	ChEMBL
O00255	1	ChEMBL
O00329	1	MTPRC
O00408	1	MTPRC
O00421	1	ChEMBL
O00444	1	MTPRC
O00468	1	ChEMBL
O00483	1	ChEMBL
O00519	1	MTPRC
O00574	1	ChEMBL
O00590	1	ChEMBL
O00626	1	ChEMBL
O00748	1	MTPRC
O00754	1	ChEMBL
O00762	1	ChEMBL
O00763	1	MTPRC
O02768	1	ChEMBL
O08556	1	ChEMBL
O08565	1	ChEMBL
O08703	1	ChEMBL
O08740	1	ChEMBL
O08889	1	ChEMBL
O08967	1	ChEMBL
O09800	1	ChEMBL
O14561	1	ChEMBL
O14717	1	ChEMBL
O14727	1	ChEMBL
O14733	1	ChEMBL
O14744	1	MTPRC
O14745	1	ChEMBL
O14842	1	MTPRC
O14920	1	MTPRC
O14976	1	ChEMBL
O15118	1	MTPRC
O15120	1	ChEMBL
O15151	1	MTPRC
O15160	1	ChEMBL
O15228	1	ChEMBL
O15239	1	ChEMBL
O15294	1	ChEMBL
O15372	1	ChEMBL
O15379	1	MTPRC
O15438	1	ChEMBL
O15439	1	ChEMBL
O15440	1	ChEMBL
O15519	1	ChEMBL
O15530	1	MTPRC
O18473	1	ChEMBL
O18531	1	ChEMBL
O19183	1	ChEMBL
O35077	1	ChEMBL
O35083	1	ChEMBL
O35379	1	ChEMBL
O35454	1	ChEMBL
O35543	1	ChEMBL
O35820	1	ChEMBL
O39930	1	MTPRC
O42275	1	MTPRC
O42713	1	MTPRC
O42772	1	ChEMBL
O43175	1	MTPRC
O43181	1	ChEMBL
O43193	1	MTPRC
O43353	1	MTPRC
O43424	1	ChEMBL
O43447	1	ChEMBL
O43463	1	Swiss
O43525	1	ChEMBL
O43526	1	ChEMBL
O43598	1	ChEMBL
O43613	1	MTPRC
O43614	1	MTPRC
O43674	1	ChEMBL
O43676	1	ChEMBL
O43677	1	ChEMBL
O43678	1	ChEMBL
O43847	1	ChEMBL
O43865	1	Swiss
O43895	1	ChEMBL
O43920	1	ChEMBL
O43924	1	ChEMBL
O45117	1	ChEMBL
O53289	1	ChEMBL
O54689	1	ChEMBL
O54748	1	ChEMBL
O54814	1	ChEMBL
O55193	1	ChEMBL
O60240	1	ChEMBL
O60341	1	MTPRC
O60449	1	ChEMBL
O60563	1	ChEMBL
O60583	1	ChEMBL
O60603	1	MTPRC
O60656	1	ChEMBL
O60674	1	MTPRC
O60706	1	ChEMBL
O60725	1	ChEMBL
O60832	1	ChEMBL
O60906	1	ChEMBL
O60911	1	ChEMBL
O60930	1	ChEMBL
O62664	1	ChEMBL
O62698	1	ChEMBL
O67648	1	ChEMBL
O70528	1	MTPRC
O70572	1	ChEMBL
O74198	1	ChEMBL
O75116	1	MTPRC
O75164	1	MTPRC
O75165	1	ChEMBL
O75173	1	MTPRC
O75223	1	ChEMBL
O75251	1	ChEMBL
O75306	1	ChEMBL
O75310	1	ChEMBL
O75380	1	ChEMBL
O75438	1	ChEMBL
O75489	1	ChEMBL
O75530	1	ChEMBL
O75616	1	ChEMBL
O75795	1	ChEMBL
O75845	1	ChEMBL
O75874	1	MTPRC
O75908	1	ChEMBL
O75909	1	ChEMBL
O75914	1	ChEMBL
O76062	1	ChEMBL
O76074	1	MTPRC
O76202	1	ChEMBL
O77240	1	ChEMBL
O77669	1	ChEMBL
O77759	1	ChEMBL
O77760	1	ChEMBL
O78749	1	ChEMBL
O78750	1	ChEMBL
O81014	1	ChEMBL
O88269	1	ChEMBL
O88275	1	ChEMBL
O88410	1	ChEMBL
O88559	1	ChEMBL
O88563	1	ChEMBL
O88587	1	ChEMBL
O88908	1	ChEMBL
O89039	1	ChEMBL
O92972	1	ChEMBL
O93875	1	ChEMBL
O94806	1	ChEMBL
O94921	1	ChEMBL
O94925	1	MTPRC
O94966	1	MTPRC
O94973	1	ChEMBL
O95136	1	MTPRC
O95139	1	ChEMBL
O95167	1	ChEMBL
O95168	1	ChEMBL
O95169	1	ChEMBL
O95178	1	ChEMBL
O95182	1	ChEMBL
O95202	1	ChEMBL
O95237	1	ChEMBL
O95255	1	ChEMBL
O95259	1	ChEMBL
O95264	1	ChEMBL
O95271	1	MTPRC
O95292	1	ChEMBL
O95298	1	ChEMBL
O95299	1	ChEMBL
O95436	1	ChEMBL
O95684	1	ChEMBL
O95757	1	ChEMBL
O95819	1	MTPRC
O95977	1	MTPRC
O96000	1	ChEMBL
O96017	1	MTPRC
O97095	1	ChEMBL
O97554	1	ChEMBL
O97578	1	ChEMBL
O97799	1	ChEMBL
P00163	1	ChEMBL
P00184	1	ChEMBL
P00185	1	ChEMBL
P00336	1	ChEMBL
P00352	1	MTPRC
P00374	1	MTPRC
P00378	1	MTPRC
P00381	1	MTPRC
P00390	1	Swiss
P00395	1	ChEMBL
P00403	1	ChEMBL
P00414	1	ChEMBL
P00491	1	Swiss
P00492	1	Swiss
P00515	1	ChEMBL
P00517	1	ChEMBL
P00520	1	ChEMBL
P00523	1	ChEMBL
P00540	1	ChEMBL
P00697	1	ChEMBL
P00698	1	ChEMBL
P00735	1	MTPRC
P00740	1	MTPRC
P00746	1	MTPRC
P00747	1	MTPRC
P00748	1	MTPRC
P00749	1	MTPRC
P00760	1	MTPRC
P00766	1	ChEMBL
P00767	1	ChEMBL
P00786	1	ChEMBL
P00797	1	MTPRC
P00811	1	MTPRC
P00813	1	Swiss
P00825	1	ChEMBL
P00833	1	ChEMBL
P00845	1	ChEMBL
P01024	1	ChEMBL
P01034	1	ChEMBL
P01100	1	ChEMBL
P01101	1	ChEMBL
P01103	1	ChEMBL
P01109	1	ChEMBL
P01111	1	ChEMBL
P01112	1	ChEMBL
P01127	1	ChEMBL
P01160	1	ChEMBL
P01161	1	ChEMBL
P01374	1	ChEMBL
P01562	1	ChEMBL
P01563	1	ChEMBL
P01566	1	ChEMBL
P01567	1	ChEMBL
P01568	1	ChEMBL
P01569	1	ChEMBL
P01570	1	ChEMBL
P01571	1	ChEMBL
P01854	1	ChEMBL
P01861	1	ChEMBL
P02545	1	ChEMBL
P02585	1	ChEMBL
P02656	1	ChEMBL
P02776	1	ChEMBL
P02778	1	ChEMBL
P02788	1	ChEMBL
P02794	1	ChEMBL
P02980	1	ChEMBL
P03159	1	ChEMBL
P03314	1	ChEMBL
P03355	1	ChEMBL
P03359	1	ChEMBL
P03366	1	ChEMBL
P03367	1	ChEMBL
P03369	1	ChEMBL
P03406	1	ChEMBL
P03433	1	MTPRC
P03468	1	MTPRC
P03886	1	ChEMBL
P03891	1	ChEMBL
P03897	1	ChEMBL
P03901	1	ChEMBL
P03905	1	ChEMBL
P03915	1	ChEMBL
P03923	1	ChEMBL
P03951	1	MTPRC
P03952	1	MTPRC
P04058	1	MTPRC
P04066	1	Swiss
P04070	1	ChEMBL
P04073	1	ChEMBL
P04183	1	Swiss
P04233	1	ChEMBL
P04288	1	ChEMBL
P04409	1	ChEMBL
P04441	1	ChEMBL
P04488	1	ChEMBL
P04585	1	ChEMBL
P04637	1	MTPRC
P04755	1	ChEMBL
P04958	1	ChEMBL
P05013	1	ChEMBL
P05014	1	ChEMBL
P05015	1	ChEMBL
P05019	1	ChEMBL
P05131	1	ChEMBL
P05181	1	ChEMBL
P05186	1	MTPRC
P05413	1	ChEMBL
P05435	1	ChEMBL
P05480	1	ChEMBL
P05532	1	ChEMBL
P05627	1	ChEMBL
P05696	1	ChEMBL
P05982	1	ChEMBL
P06133	1	ChEMBL
P06186	1	ChEMBL
P06240	1	ChEMBL
P06241	1	ChEMBL
P06276	1	MTPRC
P06450	1	ChEMBL
P06451	1	ChEMBL
P06453	1	ChEMBL
P06477	1	ChEMBL
P06480	1	ChEMBL
P06484	1	ChEMBL
P06487	1	ChEMBL
P06494	1	ChEMBL
P06536	1	ChEMBL
P06537	1	ChEMBL
P06733	1	ChEMBL
P06734	1	ChEMBL
P06737	1	MTPRC
P06746	1	MTPRC
P06804	1	ChEMBL
P06935	1	ChEMBL
P07099	1	MTPRC
P07195	1	ChEMBL
P07237	1	MTPRC
P07306	1	ChEMBL
P07315	1	ChEMBL
P07332	1	ChEMBL
P07339	1	MTPRC
P07378	1	ChEMBL
P07379	1	ChEMBL
P07384	1	MTPRC
P07550	1	MTPRC
P07583	1	ChEMBL
P07602	1	ChEMBL
P07607	1	MTPRC
P07812	1	ChEMBL
P07872	1	ChEMBL
P07943	1	MTPRC
P07947	1	ChEMBL
P08069	1	MTPRC
P08173	1	MTPRC
P08246	1	MTPRC
P08253	1	MTPRC
P08254	1	MTPRC
P08311	1	ChEMBL
P08473	1	MTPRC
P08482	1	MTPRC
P08483	1	MTPRC
P08487	1	ChEMBL
P08574	1	ChEMBL
P08575	1	ChEMBL
P08588	1	MTPRC
P08592	1	ChEMBL
P08603	1	ChEMBL
P08659	1	MTPRC
P08709	1	MTPRC
P08775	1	ChEMBL
P08909	1	MTPRC
P08912	1	MTPRC
P08913	1	MTPRC
P09211	1	Swiss
P09215	1	ChEMBL
P09216	1	ChEMBL
P09217	1	ChEMBL
P09416	1	ChEMBL
P09467	1	MTPRC
P09471	1	ChEMBL
P09478	1	ChEMBL
P09598	1	ChEMBL
P09619	1	MTPRC
P09626	1	ChEMBL
P09668	1	ChEMBL
P09669	1	ChEMBL
P09760	1	ChEMBL
P09769	1	ChEMBL
P09884	1	ChEMBL
P09917	1	MTPRC
P09960	1	MTPRC
P09972	1	ChEMBL
P0A0K8	1	MTPRC
P0A722	1	ChEMBL
P0A725	1	ChEMBL
P0A7Y4	1	ChEMBL
P0ABQ4	1	MTPRC
P0C1U8	1	ChEMBL
P0C691	1	ChEMBL
P0C6X1	1	ChEMBL
P0C6X7	1	ChEMBL
P0C7A3	1	ChEMBL
P0C8L0	1	ChEMBL
P0CG48	1	ChEMBL
P0DMS9	1	Swiss
P0DP23	1	ChEMBL
P0DTE4	1	ChEMBL
P0DTE5	1	ChEMBL
P10098	1	ChEMBL
P10145	1	ChEMBL
P10185	1	ChEMBL
P10211	1	ChEMBL
P10228	1	ChEMBL
P10242	1	ChEMBL
P10321	1	ChEMBL
P10398	1	ChEMBL
P10415	1	ChEMBL
P10606	1	ChEMBL
P10632	1	ChEMBL
P10636	1	MTPRC
P10646	1	MTPRC
P10686	1	ChEMBL
P10688	1	ChEMBL
P10826	1	MTPRC
P10950	1	ChEMBL
P10980	1	MTPRC
P11103	1	ChEMBL
P11150	1	ChEMBL
P11166	1	MTPRC
P11217	1	Swiss
P11226	1	ChEMBL
P11229	1	MTPRC
P11245	1	ChEMBL
P11274	1	ChEMBL
P11309	1	MTPRC
P11387	1	MTPRC
P11402	1	ChEMBL
P11473	1	MTPRC
P11511	1	MTPRC
P11586	1	ChEMBL
P11597	1	MTPRC
P11613	1	ChEMBL
P11889	1	ChEMBL
P12023	1	ChEMBL
P12074	1	ChEMBL
P12259	1	ChEMBL
P12527	1	MTPRC
P12544	1	ChEMBL
P12821	1	MTPRC
P12823	1	ChEMBL
P12824	1	ChEMBL
P13056	1	ChEMBL
P13073	1	ChEMBL
P13490	1	ChEMBL
P13497	1	ChEMBL
P13500	1	ChEMBL
P13501	1	ChEMBL
P13584	1	ChEMBL
P13631	1	MTPRC
P13707	1	ChEMBL
P13738	1	ChEMBL
P13945	1	MTPRC
P14061	1	MTPRC
P14234	1	ChEMBL
P14262	1	ChEMBL
P14314	1	ChEMBL
P14324	1	MTPRC
P14416	1	MTPRC
P14555	1	MTPRC
P14618	1	MTPRC
P14780	1	MTPRC
P14842	1	MTPRC
P14854	1	ChEMBL
P14902	1	MTPRC
P14920	1	Swiss
P14927	1	ChEMBL
P15090	1	MTPRC
P15145	1	MTPRC
P15289	1	ChEMBL
P15388	1	ChEMBL
P15428	1	MTPRC
P15531	1	ChEMBL
P15538	1	MTPRC
P15559	1	ChEMBL
P15589	1	ChEMBL
P15823	1	MTPRC
P15917	1	MTPRC
P16050	1	MTPRC
P16054	1	ChEMBL
P16056	1	ChEMBL
P16066	1	ChEMBL
P16083	1	MTPRC
P16092	1	ChEMBL
P16116	1	MTPRC
P16125	1	ChEMBL
P16184	1	MTPRC
P16234	1	MTPRC
P16389	1	ChEMBL
P16455	1	ChEMBL
P16473	1	MTPRC
P16591	1	ChEMBL
P16662	1	ChEMBL
P16675	1	ChEMBL
P16885	1	ChEMBL
P17325	1	ChEMBL
P17342	1	ChEMBL
P17538	1	ChEMBL
P17568	1	ChEMBL
P17644	1	ChEMBL
P17658	1	ChEMBL
P17706	1	MTPRC
P17931	1	MTPRC
P17948	1	MTPRC
P18031	1	MTPRC
P18054	1	MTPRC
P18089	1	MTPRC
P18113	1	ChEMBL
P18434	1	ChEMBL
P18493	1	ChEMBL
P18598	1	ChEMBL
P18825	1	MTPRC
P18870	1	ChEMBL
P18886	1	ChEMBL
P18901	1	MTPRC
P19020	1	MTPRC
P19091	1	ChEMBL
P19156	1	ChEMBL
P19174	1	ChEMBL
P19224	1	ChEMBL
P19327	1	MTPRC
P19404	1	ChEMBL
P19429	1	ChEMBL
P19490	1	ChEMBL
P19491	1	ChEMBL
P19492	1	ChEMBL
P19493	1	ChEMBL
P19643	1	MTPRC
P19784	1	MTPRC
P19838	1	MTPRC
P19875	1	ChEMBL
P19971	1	Swiss
P20142	1	ChEMBL
P20153	1	ChEMBL
P20171	1	ChEMBL
P20272	1	MTPRC
P20288	1	MTPRC
P20292	1	MTPRC
P20309	1	MTPRC
P20444	1	ChEMBL
P20594	1	ChEMBL
P20648	1	ChEMBL
P20674	1	ChEMBL
P20813	1	ChEMBL
P20815	1	ChEMBL
P20853	1	ChEMBL
P21127	1	ChEMBL
P21283	1	ChEMBL
P21396	1	MTPRC
P21397	1	MTPRC
P21452	1	MTPRC
P21453	1	MTPRC
P21554	1	MTPRC
P21556	1	MTPRC
P21583	1	ChEMBL
P21728	1	MTPRC
P21730	1	MTPRC
P21731	1	MTPRC
P21803	1	ChEMBL
P21817	1	Swiss
P21836	1	MTPRC
P21860	1	ChEMBL
P21917	1	MTPRC
P21918	1	MTPRC
P22001	1	ChEMBL
P22002	1	ChEMBL
P22061	1	ChEMBL
P22087	1	ChEMBL
P22199	1	ChEMBL
P22303	1	MTPRC
P22307	1	ChEMBL
P22309	1	ChEMBL
P22310	1	ChEMBL
P22392	1	ChEMBL
P22437	1	ChEMBL
P22459	1	ChEMBL
P22460	1	ChEMBL
P22612	1	ChEMBL
P22626	1	ChEMBL
P22674	1	ChEMBL
P22681	1	ChEMBL
P22694	1	ChEMBL
P22695	1	ChEMBL
P22734	1	ChEMBL
P22756	1	ChEMBL
P22897	1	ChEMBL
P23141	1	MTPRC
P23204	1	ChEMBL
P23298	1	ChEMBL
P23385	1	MTPRC
P23458	1	MTPRC
P23526	1	Swiss
P23739	1	MTPRC
P23786	1	ChEMBL
P23791	1	ChEMBL
P23795	1	MTPRC
P23818	1	ChEMBL
P23819	1	ChEMBL
P23944	1	MTPRC
P23946	1	MTPRC
P23975	1	MTPRC
P23977	1	MTPRC
P24046	1	ChEMBL
P24135	1	ChEMBL
P24158	1	ChEMBL
P24462	1	ChEMBL
P24530	1	MTPRC
P24557	1	MTPRC
P24740	1	ChEMBL
P24821	1	ChEMBL
P24863	1	ChEMBL
P24903	1	ChEMBL
P24941 P78396 P20248	1	Swiss
P24964	1	ChEMBL
P25021	1	MTPRC
P25024	1	ChEMBL
P25089	1	MTPRC
P25090	1	MTPRC
P25092	1	ChEMBL
P25099	1	MTPRC
P25100	1	MTPRC
P25101	1	MTPRC
P25104	1	MTPRC
P25105	1	MTPRC
P25116	1	MTPRC
P25122	1	ChEMBL
P25162	1	ChEMBL
P25321	1	ChEMBL
P25779	1	MTPRC
P25929	1	MTPRC
P26006	1	ChEMBL
P26431	1	ChEMBL
P26432	1	ChEMBL
P26433	1	ChEMBL
P26662	1	ChEMBL
P26663	1	ChEMBL
P26664	1	ChEMBL
P26684	1	MTPRC
P27008	1	ChEMBL
P27338	1	MTPRC
P27448	1	ChEMBL
P27449	1	ChEMBL
P27487	1	MTPRC
P27596	1	ChEMBL
P27652	1	ChEMBL
P27695	1	MTPRC
P27732	1	ChEMBL
P27791	1	ChEMBL
P27815	1	MTPRC
P27926	1	ChEMBL
P28062	1	MTPRC
P28074	1	MTPRC
P28161	1	Swiss
P28190	1	MTPRC
P28329	1	ChEMBL
P28331	1	ChEMBL
P28340	1	ChEMBL
P28476	1	ChEMBL
P28566	1	ChEMBL
P28647	1	MTPRC
P28700	1	ChEMBL
P28704	1	ChEMBL
P28799	1	ChEMBL
P28838	1	ChEMBL
P28845	1	MTPRC
P28867	1	ChEMBL
P28887	1	ChEMBL
P28907	1	MTPRC
P29089	1	MTPRC
P29279	1	ChEMBL
P29371	1	MTPRC
P29373	1	ChEMBL
P29466	1	MTPRC
P29474	1	Swiss
P29476	1	MTPRC
P29477	1	MTPRC
P29597	1	MTPRC
P29966	1	ChEMBL
P29990	1	ChEMBL
P30291	1	MTPRC
P30411	1	MTPRC
P30419	1	MTPRC
P30518	1	MTPRC
P30543	1	MTPRC
P30551	1	MTPRC
P30553	1	MTPRC
P30556	1	MTPRC
P30559	1	MTPRC
P30560	1	MTPRC
P30613	1	MTPRC
P30872	1	MTPRC
P30874	1	MTPRC
P30939	1	ChEMBL
P30968	1	MTPRC
P30969	1	MTPRC
P30989	1	MTPRC
P31322	1	ChEMBL
P31352	1	ChEMBL
P31389	1	MTPRC
P31391	1	MTPRC
P31421	1	MTPRC
P31424	1	MTPRC
P31431	1	ChEMBL
P31652	1	MTPRC
P31750	1	ChEMBL
P31853	1	ChEMBL
P31930	1	ChEMBL
P31943	1	ChEMBL
P31946	1	ChEMBL
P31949	1	ChEMBL
P32198	1	ChEMBL
P32238	1	MTPRC
P32239	1	MTPRC
P32245	1	MTPRC
P32247	1	MTPRC
P32248	1	ChEMBL
P32300	1	MTPRC
P32302	1	ChEMBL
P32305	1	MTPRC
P32320	1	Swiss
P32352	1	ChEMBL
P32577	1	ChEMBL
P32584	1	ChEMBL
P32738	1	ChEMBL
P32745	1	MTPRC
P32842	1	ChEMBL
P32881	1	ChEMBL
P33032	1	MTPRC
P33033	1	MTPRC
P33176	1	ChEMBL
P33260	1	ChEMBL
P33533	1	MTPRC
P33981	1	MTPRC
P34021	1	ChEMBL
P34158	1	ChEMBL
P34913	1	MTPRC
P34932	1	ChEMBL
P34975	1	MTPRC
P34976	1	MTPRC
P34998	1	MTPRC
P35228	1	MTPRC
P35249	1	ChEMBL
P35250	1	ChEMBL
P35251	1	ChEMBL
P35270	1	MTPRC
P35343	1	ChEMBL
P35344	1	ChEMBL
P35346	1	MTPRC
P35348	1	MTPRC
P35351	1	MTPRC
P35355	1	ChEMBL
P35367	1	MTPRC
P35368	1	MTPRC
P35370	1	ChEMBL
P35396	1	ChEMBL
P35408	1	MTPRC
P35411	1	ChEMBL
P35414	1	MTPRC
P35462	1	MTPRC
P35463	1	MTPRC
P35503	1	ChEMBL
P35504	1	ChEMBL
P35546	1	ChEMBL
P35557	1	MTPRC
P35558	1	ChEMBL
P35638	1	ChEMBL
P35639	1	ChEMBL
P35747	1	ChEMBL
P35869	1	MTPRC
P35916	1	MTPRC
P36537	1	ChEMBL
P36544	1	MTPRC
P36836	1	ChEMBL
P36888	1	MTPRC
P36897	1	MTPRC
P36941	1	ChEMBL
P37058	1	Swiss
P37059	1	MTPRC
P37136	1	MTPRC
P37230	1	ChEMBL
P37238	1	ChEMBL
P37288	1	MTPRC
P38489	1	ChEMBL
P38936	1	ChEMBL
P39688	1	ChEMBL
P39900	1	MTPRC
P40225	1	ChEMBL
P40238	1	ChEMBL
P40313	1	ChEMBL
P40337	1	ChEMBL
P40763	1	MTPRC
P40937	1	ChEMBL
P40938	1	ChEMBL
P41143	1	MTPRC
P41144	1	MTPRC
P41146	1	MTPRC
P41149	1	MTPRC
P41180	1	MTPRC
P41212	1	ChEMBL
P41240	1	ChEMBL
P41279	1	ChEMBL
P41594	1	MTPRC
P41740	1	ChEMBL
P41743	1	ChEMBL
P41968	1	MTPRC
P42123	1	ChEMBL
P42226	1	MTPRC
P42260	1	ChEMBL
P42261	1	ChEMBL
P42262	1	ChEMBL
P42263	1	ChEMBL
P42264	1	ChEMBL
P42330	1	MTPRC
P42336 P27986	1	Swiss
P42338	1	MTPRC
P42575	1	Swiss
P42684	1	ChEMBL
P42685	1	ChEMBL
P42785	1	ChEMBL
P42866	1	MTPRC
P42971	1	ChEMBL
P43057	1	ChEMBL
P43088	1	Swiss
P43115	1	MTPRC
P43119	1	MTPRC
P43140	1	MTPRC
P43155	1	ChEMBL
P43220	1	MTPRC
P43367	1	MTPRC
P43405	1	MTPRC
P43490	1	MTPRC
P45040	1	ChEMBL
P45378	1	ChEMBL
P45379	1	ChEMBL
P45452	1	MTPRC
P45568	1	ChEMBL
P45877	1	ChEMBL
P45985	1	ChEMBL
P46059	1	ChEMBL
P46087	1	ChEMBL
P46092	1	ChEMBL
P46095	1	MTPRC
P46108	1	ChEMBL
P46663	1	MTPRC
P46734	1	ChEMBL
P46925	1	MTPRC
P47205	1	ChEMBL
P47712	1	MTPRC
P47746	1	MTPRC
P47747	1	MTPRC
P47809	1	ChEMBL
P47811	1	MTPRC
P47871	1	MTPRC
P47900	1	MTPRC
P47901	1	MTPRC
P47936	1	MTPRC
P47989	1	MTPRC
P48039	1	MTPRC
P48047	1	ChEMBL
P48058	1	ChEMBL
P48061	1	ChEMBL
P48067	1	MTPRC
P48147	1	MTPRC
P48426	1	ChEMBL
P48547	1	ChEMBL
P48730	1	MTPRC
P48736	1	MTPRC
P48763	1	ChEMBL
P48764	1	ChEMBL
P48775	1	MTPRC
P48788	1	ChEMBL
P49005	1	ChEMBL
P49116	1	ChEMBL
P49117	1	ChEMBL
P49137	1	MTPRC
P49146	1	MTPRC
P49185	1	ChEMBL
P49187	1	ChEMBL
P49238	1	ChEMBL
P49286	1	MTPRC
P49354 P49356	1	Swiss
P49642	1	ChEMBL
P49643	1	ChEMBL
P49674	1	MTPRC
P49721	1	MTPRC
P49759	1	MTPRC
P49760	1	MTPRC
P49761	1	MTPRC
P49767	1	ChEMBL
P49773	1	ChEMBL
P49821	1	ChEMBL
P49840	1	MTPRC
P49841	1	MTPRC
P49880	1	ChEMBL
P49881	1	ChEMBL
P49882	1	ChEMBL
P49917	1	ChEMBL
P49935	1	ChEMBL
P50052	1	MTPRC
P50172	1	MTPRC
P50281	1	MTPRC
P50293	1	ChEMBL
P50295	1	ChEMBL
P50416	1	ChEMBL
P50482	1	ChEMBL
P50613	1	ChEMBL
P50750 O60563	1	Swiss
P51164	1	ChEMBL
P51178	1	ChEMBL
P51451	1	ChEMBL
P51574	1	ChEMBL
P51589	1	ChEMBL
P51610	1	ChEMBL
P51639	1	MTPRC
P51671	1	ChEMBL
P51675	1	ChEMBL
P51678	1	ChEMBL
P51680	1	ChEMBL
P51682	1	ChEMBL
P51683	1	ChEMBL
P51684	1	ChEMBL
P51685	1	ChEMBL
P51787	1	ChEMBL
P51790	1	ChEMBL
P51812	1	MTPRC
P51946	1	ChEMBL
P51948	1	ChEMBL
P51970	1	ChEMBL
P52333	1	MTPRC
P52434	1	ChEMBL
P52732	1	MTPRC
P52790	1	ChEMBL
P53350	1	MTPRC
P53566	1	ChEMBL
P53634	1	ChEMBL
P53671	1	MTPRC
P53701	1	ChEMBL
P53816	1	ChEMBL
P53992	1	ChEMBL
P54132	1	MTPRC
P54149	1	ChEMBL
P54687	1	ChEMBL
P54690	1	ChEMBL
P54707	1	ChEMBL
P54727	1	ChEMBL
P54760	1	MTPRC
P54855	1	ChEMBL
P55072	1	MTPRC
P55085	1	Swiss
P55200	1	ChEMBL
P55201	1	MTPRC
P55211	1	ChEMBL
P55786	1	ChEMBL
P55795	1	ChEMBL
P56181	1	ChEMBL
P56282	1	ChEMBL
P56450	1	MTPRC
P56481	1	MTPRC
P56483	1	ChEMBL
P56484	1	ChEMBL
P56485	1	ChEMBL
P56524	1	MTPRC
P56545	1	ChEMBL
P56556	1	ChEMBL
P56560	1	MTPRC
P56658	1	MTPRC
P56696	1	ChEMBL
P56718	1	MTPRC
P56726	1	MTPRC
P56817	1	MTPRC
P57764	1	ChEMBL
P59215	1	ChEMBL
P59665	1	ChEMBL
P59768	1	ChEMBL
P60898	1	ChEMBL
P61006	1	ChEMBL
P61169	1	MTPRC
P61219	1	ChEMBL
P61244	1	ChEMBL
P61586	1	ChEMBL
P61813	1	ChEMBL
P61814	1	ChEMBL
P61981	1	ChEMBL
P62136	1	ChEMBL
P62256	1	ChEMBL
P62488	1	ChEMBL
P62615	1	ChEMBL
P62617	1	ChEMBL
P62805	1	ChEMBL
P62873	1	ChEMBL
P62876	1	ChEMBL
P62894	1	ChEMBL
P62993	1	MTPRC
P63059	1	ChEMBL
P63085	1	MTPRC
P63104	1	ChEMBL
P63244	1	ChEMBL
P63315	1	ChEMBL
P63316	1	ChEMBL
P63319	1	ChEMBL
P67775	1	ChEMBL
P68106	1	ChEMBL
P68331	1	ChEMBL
P68403	1	ChEMBL
P68404	1	ChEMBL
P68890	1	ChEMBL
P69447	1	ChEMBL
P69834	1	ChEMBL
P70180	1	ChEMBL
P70340	1	ChEMBL
P70349	1	ChEMBL
P70424	1	ChEMBL
P70536	1	MTPRC
P70658	1	ChEMBL
P70673	1	ChEMBL
P70682	1	ChEMBL
P78329	1	ChEMBL
P78330	1	ChEMBL
P78362	1	ChEMBL
P78380	1	ChEMBL
P78423	1	ChEMBL
P78527	1	MTPRC
P79394	1	ChEMBL
P80067	1	ChEMBL
P80098	1	ChEMBL
P80457	1	MTPRC
P81908	1	MTPRC
P93841	1	ChEMBL
P97266	1	MTPRC
P97454	1	ChEMBL
P97584	1	ChEMBL
P97612	1	MTPRC
P97696	1	ChEMBL
P97760	1	ChEMBL
P97821	1	ChEMBL
P98187	1	ChEMBL
P99999	1	ChEMBL
P9WGR1	1	MTPRC
P9WKG5	1	ChEMBL
P9WNS1	1	ChEMBL
P9WP37	1	ChEMBL
P9WP53	1	ChEMBL
P9WP55	1	ChEMBL
P9WPS0	1	ChEMBL
P9WPS1	1	ChEMBL
P9WPU5	1	ChEMBL
P9WPU7	1	ChEMBL
P9WPU9	1	ChEMBL
P9WPV1	1	ChEMBL
P9WPV3	1	ChEMBL
P9WPV5	1	ChEMBL
P9WPV7	1	ChEMBL
P9WQN9	1	ChEMBL
Q00175	1	ChEMBL
Q00526	1	ChEMBL
Q00535	1	ChEMBL
Q00536	1	ChEMBL
Q00537	1	ChEMBL
Q00788	1	MTPRC
Q00959	1	ChEMBL
Q00960	1	ChEMBL
Q00961	1	ChEMBL
Q00987	1	MTPRC
Q00G26	1	ChEMBL
Q01726	1	MTPRC
Q01727	1	MTPRC
Q01782	1	ChEMBL
Q01812	1	ChEMBL
Q01813	1	ChEMBL
Q01815	1	ChEMBL
Q01827	1	MTPRC
Q01970	1	ChEMBL
Q02111	1	ChEMBL
Q02127	1	MTPRC
Q02485	1	ChEMBL
Q02742	1	ChEMBL
Q02763	1	MTPRC
Q02768	1	ChEMBL
Q02769	1	MTPRC
Q02789	1	ChEMBL
Q02928	1	ChEMBL
Q03059	1	ChEMBL
Q03142	1	ChEMBL
Q03721	1	ChEMBL
Q03732	1	ChEMBL
Q04589	1	ChEMBL
Q04692	1	ChEMBL
Q04771	1	MTPRC
Q04864	1	ChEMBL
Q04917	1	ChEMBL
Q05318	1	ChEMBL
Q05397	1	MTPRC
Q05513	1	ChEMBL
Q05586	1	Swiss
Q05941	1	MTPRC
Q06124	1	MTPRC
Q06528	1	ChEMBL
Q06643	1	ChEMBL
Q07002	1	ChEMBL
Q07075	1	ChEMBL
Q07108	1	ChEMBL
Q07343	1	MTPRC
Q07422	1	MTPRC
Q07817	1	MTPRC
Q07820	1	MTPRC
Q07864	1	ChEMBL
Q07912	1	MTPRC
Q08345	1	MTPRC
Q08351	1	ChEMBL
Q08477	1	ChEMBL
Q08499	1	MTPRC
Q08881	1	MTPRC
Q08J23	1	ChEMBL
Q09028	1	ChEMBL
Q09428	1	ChEMBL
Q09429	1	ChEMBL
Q09470	1	ChEMBL
Q09472	1	MTPRC
Q0ZAQ8	1	ChEMBL
Q12852	1	MTPRC
Q12884	1	MTPRC
Q12931	1	ChEMBL
Q13018	1	ChEMBL
Q13085	1	MTPRC
Q13153	1	ChEMBL
Q13177	1	ChEMBL
Q13188	1	ChEMBL
Q13191	1	MTPRC
Q13255	1	MTPRC
Q13258	1	MTPRC
Q13315	1	MTPRC
Q13395	1	ChEMBL
Q13426	1	ChEMBL
Q13464	1	MTPRC
Q13489	1	ChEMBL
Q13501	1	ChEMBL
Q13526	1	MTPRC
Q13535	1	MTPRC
Q13547	1	MTPRC
Q13585	1	ChEMBL
Q13619	1	ChEMBL
Q13627	1	MTPRC
Q13671	1	ChEMBL
Q13772	1	ChEMBL
Q13822	1	MTPRC
Q13946	1	MTPRC
Q14003	1	ChEMBL
Q14004	1	ChEMBL
Q14145	1	MTPRC
Q14164	1	MTPRC
Q14181	1	ChEMBL
Q14289	1	MTPRC
Q14416	1	MTPRC
Q14432	1	MTPRC
Q14457	1	ChEMBL
Q14520	1	ChEMBL
Q14524	1	MTPRC
Q14576	1	ChEMBL
Q14654	1	ChEMBL
Q14680	1	MTPRC
Q14721	1	ChEMBL
Q14739	1	ChEMBL
Q14746	1	ChEMBL
Q14761	1	ChEMBL
Q14833	1	MTPRC
Q14914	1	ChEMBL
Q14940	1	ChEMBL
Q14978	1	ChEMBL
Q14980	1	ChEMBL
Q15003	1	ChEMBL
Q15004	1	ChEMBL
Q15022	1	ChEMBL
Q15054	1	ChEMBL
Q15067	1	ChEMBL
Q15118	1	MTPRC
Q15119	1	MTPRC
Q15131	1	ChEMBL
Q15139	1	ChEMBL
Q15223	1	ChEMBL
Q15291	1	ChEMBL
Q15349	1	MTPRC
Q15369	1	ChEMBL
Q15370	1	ChEMBL
Q15391	1	MTPRC
Q15465	1	ChEMBL
Q15596	1	ChEMBL
Q15599	1	ChEMBL
Q15722	1	MTPRC
Q15750	1	ChEMBL
Q15761	1	MTPRC
Q15788	1	ChEMBL
Q15800	1	ChEMBL
Q15842	1	ChEMBL
Q15858	1	MTPRC
Q16204	1	ChEMBL
Q16236	1	MTPRC
Q16322	1	ChEMBL
Q16348	1	ChEMBL
Q16512	1	ChEMBL
Q16513	1	ChEMBL
Q16531	1	ChEMBL
Q16539	1	MTPRC
Q16543	1	ChEMBL
Q16576	1	ChEMBL
Q16602	1	MTPRC
Q16637	1	MTPRC
Q16678	1	ChEMBL
Q16696	1	ChEMBL
Q16718	1	ChEMBL
Q16769	1	MTPRC
Q16795	1	ChEMBL
Q16827	1	ChEMBL
Q16853	1	Swiss
Q16873	1	ChEMBL
Q16875	1	Swiss
Q1ZY22	1	ChEMBL
Q27J81	1	ChEMBL
Q28590	1	ChEMBL
Q29010	1	MTPRC
Q29451	1	ChEMBL
Q2M2I8	1	MTPRC
Q2NNR5	1	MTPRC
Q2SWT6	1	ChEMBL
Q2T1B6	1	ChEMBL
Q2V0Q7	1	ChEMBL
Q30W70	1	ChEMBL
Q32MK0	1	ChEMBL
Q32ZE1	1	ChEMBL
Q36792	1	ChEMBL
Q3B792	1	ChEMBL
Q3SYC2	1	ChEMBL
Q3ZCJ8	1	ChEMBL
Q43445	1	ChEMBL
Q48435	1	ChEMBL
Q4AE59	1	ChEMBL
Q4U3Q4	1	ChEMBL
Q4W6C8	1	ChEMBL
Q4W6D0	1	ChEMBL
Q53EU6	1	ChEMBL
Q54A96	1	MTPRC
Q55663	1	ChEMBL
Q58HT5	1	ChEMBL
Q59401	1	ChEMBL
Q5BJF2	1	MTPRC
Q5FVP8	1	ChEMBL
Q5KSK8	1	ChEMBL
Q5PU49	1	ChEMBL
Q5S007	1	MTPRC
Q5T3U5	1	ChEMBL
Q5T601	1	ChEMBL
Q5T6X5	1	ChEMBL
Q5TCH4	1	ChEMBL
Q5TIX5	1	ChEMBL
Q5U3Y7	1	MTPRC
Q5VT66	1	ChEMBL
Q60457	1	ChEMBL
Q60492	1	MTPRC
Q60641	1	ChEMBL
Q60644	1	ChEMBL
Q60805	1	ChEMBL
Q61191	1	ChEMBL
Q61263	1	ChEMBL
Q61831	1	ChEMBL
Q61851	1	ChEMBL
Q62226	1	ChEMBL
Q62447	1	ChEMBL
Q62645	1	ChEMBL
Q62685	1	ChEMBL
Q62688	1	ChEMBL
Q62735	1	ChEMBL
Q62755	1	ChEMBL
Q62857	1	ChEMBL
Q63120	1	ChEMBL
Q63273	1	ChEMBL
Q63380	1	MTPRC
Q63424	1	ChEMBL
Q63449	1	ChEMBL
Q63472	1	ChEMBL
Q63563	1	ChEMBL
Q63664	1	ChEMBL
Q63704	1	ChEMBL
Q63871	1	ChEMBL
Q63921	1	ChEMBL
Q63931	1	MTPRC
Q63T71	1	ChEMBL
Q64617	1	ChEMBL
Q64669	1	ChEMBL
Q64686	1	ChEMBL
Q69091	1	ChEMBL
Q690N0	1	ChEMBL
Q6C2D9	1	ChEMBL
Q6E213	1	ChEMBL
Q6EIG7	1	ChEMBL
Q6GI75	1	MTPRC
Q6GPI1	1	ChEMBL
Q6IN84	1	ChEMBL
Q6IVK1	1	ChEMBL
Q6NVY1	1	ChEMBL
Q6P179	1	ChEMBL
Q6P1A2	1	ChEMBL
Q6P4F1	1	ChEMBL
Q6P5Z2	1	ChEMBL
Q6P6U0	1	ChEMBL
Q6P988	1	MTPRC
Q6PAJ1	1	ChEMBL
Q6PI98	1	ChEMBL
Q6PIU1	1	ChEMBL
Q6Q4G3	1	ChEMBL
Q6QLQ4	1	ChEMBL
Q6QNK2	1	ChEMBL
Q6RI86	1	MTPRC
Q6RVD3	1	ChEMBL
Q6S8J3	1	ChEMBL
Q6UB28	1	ChEMBL
Q6UR05	1	ChEMBL
Q6URW6	1	ChEMBL
Q6UWM9	1	ChEMBL
Q6UWP7	1	ChEMBL
Q6V1X1	1	MTPRC
Q6V7U7	1	ChEMBL
Q6VNS1	1	ChEMBL
Q6VVX0	1	ChEMBL
Q6W5P4	1	MTPRC
Q6ZMB0	1	ChEMBL
Q6ZN18	1	ChEMBL
Q6ZNC8	1	ChEMBL
Q6ZPD8	1	ChEMBL
Q6ZQN7	1	ChEMBL
Q6ZXV5	1	ChEMBL
Q70Z44	1	ChEMBL
Q71DI3	1	ChEMBL
Q72547	1	MTPRC
Q72874	1	MTPRC
Q75ZY9	1	ChEMBL
Q78DX7	1	ChEMBL
Q79FV4	1	ChEMBL
Q7KT97	1	ChEMBL
Q7KTF8	1	ChEMBL
Q7KZN9	1	ChEMBL
Q7L7V1	1	ChEMBL
Q7SIF6	1	ChEMBL
Q7TNH1	1	ChEMBL
Q7TQM4	1	ChEMBL
Q7TQP3	1	MTPRC
Q7Z1V1	1	MTPRC
Q7Z406	1	ChEMBL
Q7Z449	1	ChEMBL
Q7Z5W3	1	MTPRC
Q7ZJM1	1	MTPRC
Q80SS6	1	MTPRC
Q80UW8	1	ChEMBL
Q80W94	1	ChEMBL
Q80ZG2	1	ChEMBL
Q81258	1	ChEMBL
Q864S1	1	ChEMBL
Q86SQ4	1	ChEMBL
Q86TI2	1	MTPRC
Q86U44	1	MTPRC
Q86UD5	1	ChEMBL
Q86UL3	1	ChEMBL
Q86VF5	1	ChEMBL
Q86VL8	1	ChEMBL
Q86WV6	1	MTPRC
Q86Y34	1	ChEMBL
Q86Y39	1	ChEMBL
Q86YT5	1	Swiss
Q8A0D0	1	ChEMBL
Q8A8L9	1	ChEMBL
Q8BGW1	1	ChEMBL
Q8BH98	1	ChEMBL
Q8BVW0	1	ChEMBL
Q8C7D2	1	ChEMBL
Q8CE90	1	ChEMBL
Q8CFI7	1	ChEMBL
Q8CG09	1	ChEMBL
Q8CIB5	1	ChEMBL
Q8CIH5	1	ChEMBL
Q8FEJ5	1	ChEMBL
Q8HZR1	1	ChEMBL
Q8I0V1	1	ChEMBL
Q8I1M8	1	ChEMBL
Q8I1Y2	1	ChEMBL
Q8IIJ9	1	ChEMBL
Q8IL32	1	MTPRC
Q8IVV7	1	ChEMBL
Q8IWQ3	1	ChEMBL
Q8IXB1	1	ChEMBL
Q8IXJ6	1	MTPRC
Q8IYS0	1	ChEMBL
Q8IZF4	1	ChEMBL
Q8IZL8	1	ChEMBL
Q8IZL9	1	ChEMBL
Q8IZP9	1	ChEMBL
Q8IZW8	1	ChEMBL
Q8JXU8	1	ChEMBL
Q8K2J0	1	ChEMBL
Q8K4Z4	1	MTPRC
Q8K4Z6	1	ChEMBL
Q8MJW8	1	ChEMBL
Q8MK44	1	ChEMBL
Q8MTZ4	1	ChEMBL
Q8MWR1	1	ChEMBL
Q8MWR2	1	ChEMBL
Q8MYA6	1	ChEMBL
Q8N183	1	ChEMBL
Q8N1Q1	1	ChEMBL
Q8N371	1	ChEMBL
Q8N539	1	ChEMBL
Q8N6M6	1	ChEMBL
Q8N884	1	ChEMBL
Q8NA19	1	ChEMBL
Q8NB46	1	ChEMBL
Q8NBJ5	1	ChEMBL
Q8NCC3	1	ChEMBL
Q8NCG5	1	ChEMBL
Q8NCM2	1	ChEMBL
Q8NDH3	1	ChEMBL
Q8NF37	1	ChEMBL
Q8NFJ5	1	ChEMBL
Q8R3B1	1	ChEMBL
Q8R3I2	1	ChEMBL
Q8R3L8	1	ChEMBL
Q8R4B8	1	MTPRC
Q8SPQ9	1	ChEMBL
Q8TAE7	1	ChEMBL
Q8TAQ2	1	ChEMBL
Q8TAV3	1	ChEMBL
Q8TDN1	1	ChEMBL
Q8TDN2	1	ChEMBL
Q8TDS4	1	MTPRC
Q8TDU6	1	MTPRC
Q8TDV5	1	MTPRC
Q8TEA1	1	ChEMBL
Q8TEQ8	1	ChEMBL
Q8TET4	1	ChEMBL
Q8TF76	1	ChEMBL
Q8VBX4	1	ChEMBL
Q8VD38	1	ChEMBL
Q8VEB4	1	ChEMBL
Q8VH26	1	MTPRC
Q8VHN2	1	ChEMBL
Q8VI47	1	ChEMBL
Q8VIJ5	1	ChEMBL
Q8WNY2	1	ChEMBL
Q8WTS1	1	ChEMBL
Q8WTT0	1	ChEMBL
Q8WUI4	1	MTPRC
Q8WXA8	1	ChEMBL
Q8WXX5	1	ChEMBL
Q8WZA1	1	ChEMBL
Q8ZEY1	1	ChEMBL
Q8ZMF7	1	ChEMBL
Q90YJ9	1	ChEMBL
Q91V01	1	ChEMBL
Q91Y86	1	ChEMBL
Q920D2	1	MTPRC
Q922D8	1	ChEMBL
Q923G2	1	ChEMBL
Q923J1	1	ChEMBL
Q923M1	1	ChEMBL
Q923Y8	1	MTPRC
Q923Y9	1	MTPRC
Q92523	1	ChEMBL
Q92583	1	ChEMBL
Q92598	1	ChEMBL
Q925B3	1	ChEMBL
Q925U2	1	ChEMBL
Q92633	1	MTPRC
Q92731	1	MTPRC
Q92769	1	MTPRC
Q92793	1	MTPRC
Q92800	1	ChEMBL
Q92847	1	MTPRC
Q92887	1	ChEMBL
Q92918	1	MTPRC
Q92922	1	ChEMBL
Q92953	1	ChEMBL
Q93009	1	MTPRC
Q95N78	1	ChEMBL
Q95PM0	1	MTPRC
Q962I5	1	ChEMBL
Q962Y6	1	MTPRC
Q96662	1	ChEMBL
Q969S8	1	MTPRC
Q969V1	1	ChEMBL
Q969Z3	1	ChEMBL
Q96AC1	1	ChEMBL
Q96DB2	1	MTPRC
Q96EB6	1	MTPRC
Q96HR8	1	ChEMBL
Q96I36	1	ChEMBL
Q96J66	1	ChEMBL
Q96JB6	1	ChEMBL
Q96JM7	1	ChEMBL
Q96KK3	1	ChEMBL
Q96KN8	1	ChEMBL
Q96KS0	1	MTPRC
Q96L42	1	ChEMBL
Q96N66	1	ChEMBL
Q96P11	1	ChEMBL
Q96P20	1	MTPRC
Q96PD7	1	ChEMBL
Q96PR1	1	ChEMBL
Q96PY6	1	MTPRC
Q96Q15	1	ChEMBL
Q96Q40	1	ChEMBL
Q96RI0	1	MTPRC
Q96RP8	1	ChEMBL
Q96S37	1	MTPRC
Q96SQ9	1	ChEMBL
Q96SW2	1	ChEMBL
Q96T53	1	ChEMBL
Q98VG9	1	ChEMBL
Q99028	1	ChEMBL
Q99246	1	ChEMBL
Q99417	1	ChEMBL
Q99500	1	MTPRC
Q99523	1	ChEMBL
Q99558	1	MTPRC
Q99613	1	ChEMBL
Q99615	1	ChEMBL
Q99683	1	MTPRC
Q99705	1	MTPRC
Q99714	1	MTPRC
Q99720	1	MTPRC
Q99788	1	MTPRC
Q99808	1	MTPRC
Q99835	1	MTPRC
Q99895	1	ChEMBL
Q99943	1	ChEMBL
Q99972	1	ChEMBL
Q99IB8	1	ChEMBL
Q99KY4	1	ChEMBL
Q99N57	1	ChEMBL
Q9BDS8	1	ChEMBL
Q9BGL2	1	ChEMBL
Q9BQ31	1	ChEMBL
Q9BQ69	1	ChEMBL
Q9BRH5	1	ChEMBL
Q9BU61	1	ChEMBL
Q9BUB5	1	MTPRC
Q9BWU1	1	ChEMBL
Q9BX66	1	ChEMBL
Q9BXN2	1	ChEMBL
Q9BXW4	1	ChEMBL
Q9BY41	1	MTPRC
Q9BY64	1	ChEMBL
Q9BY66	1	ChEMBL
Q9BYX4	1	ChEMBL
Q9C000	1	ChEMBL
Q9C005	1	ChEMBL
Q9C0B1	1	ChEMBL
Q9C0C9	1	ChEMBL
Q9CAK8	1	ChEMBL
Q9D8T2	1	ChEMBL
Q9DBL9	1	ChEMBL
Q9DCV3	1	ChEMBL
Q9EQ16	1	ChEMBL
Q9EQQ9	1	ChEMBL
Q9ERM3	1	ChEMBL
Q9ES07	1	ChEMBL
Q9ET64	1	ChEMBL
Q9FD70	1	ChEMBL
Q9GSG8	1	ChEMBL
Q9GZN0	1	MTPRC
Q9GZQ8	1	ChEMBL
Q9GZT9	1	MTPRC
Q9GZU7	1	ChEMBL
Q9GZV9	1	ChEMBL
Q9H228	1	MTPRC
Q9H237	1	ChEMBL
Q9H244	1	MTPRC
Q9H252	1	ChEMBL
Q9H2K2	1	MTPRC
Q9H2U1	1	ChEMBL
Q9H2X3	1	ChEMBL
Q9H3M0	1	ChEMBL
Q9H3N8	1	MTPRC
Q9H3R0	1	MTPRC
Q9H3Y6	1	ChEMBL
Q9H3Z4	1	ChEMBL
Q9H4A4	1	ChEMBL
Q9H4Z3	1	ChEMBL
Q9H5Q4	1	ChEMBL
Q9H649	1	ChEMBL
Q9H8M2	1	MTPRC
Q9HAT2	1	ChEMBL
Q9HAU8	1	ChEMBL
Q9HAW7	1	ChEMBL
Q9HAW8	1	ChEMBL
Q9HAW9	1	ChEMBL
Q9HAZ1	1	MTPRC
Q9HB55	1	ChEMBL
Q9HBH9	1	MTPRC
Q9HC29	1	MTPRC
Q9HCU8	1	ChEMBL
Q9HD26	1	ChEMBL
Q9HX69	1	ChEMBL
Q9IF40	1	ChEMBL
Q9JHF7	1	ChEMBL
Q9JI10	1	ChEMBL
Q9JI35	1	MTPRC
Q9JI61	1	ChEMBL
Q9JII9	1	ChEMBL
Q9JIP7	1	ChEMBL
Q9JIS7	1	ChEMBL
Q9JIW5	1	ChEMBL
Q9JJJ7	1	ChEMBL
Q9JKC1	1	MTPRC
Q9JL21	1	ChEMBL
Q9JXV4	1	ChEMBL
Q9LM02	1	ChEMBL
Q9MYJ9	1	ChEMBL
Q9N1N9	1	MTPRC
Q9N1U3	1	ChEMBL
Q9N6S8	1	MTPRC
Q9NNW5	1	ChEMBL
Q9NNX6	1	ChEMBL
Q9NP59	1	MTPRC
Q9NP77	1	ChEMBL
Q9NPE3	1	ChEMBL
Q9NPF4	1	ChEMBL
Q9NPH5	1	ChEMBL
Q9NQ66	1	ChEMBL
Q9NQ84	1	ChEMBL
Q9NQC3	1	ChEMBL
Q9NQH7	1	ChEMBL
Q9NQS5	1	MTPRC
Q9NQS7	1	ChEMBL
Q9NQW7	1	ChEMBL
Q9NR82	1	ChEMBL
Q9NR96	1	MTPRC
Q9NR97	1	MTPRC
Q9NRA0	1	MTPRC
Q9NRA2	1	ChEMBL
Q9NRF9	1	ChEMBL
Q9NRM7	1	ChEMBL
Q9NRX3	1	ChEMBL
Q9NS00	1	ChEMBL
Q9NS40	1	ChEMBL
Q9NSA2	1	ChEMBL
Q9NTJ3	1	ChEMBL
Q9NUQ2	1	ChEMBL
Q9NUW8	1	MTPRC
Q9NX14	1	ChEMBL
Q9NX24	1	ChEMBL
Q9NX46	1	ChEMBL
Q9NY12	1	ChEMBL
Q9NYA1	1	MTPRC
Q9NYK1	1	MTPRC
Q9NYV4	1	ChEMBL
Q9NZ08	1	ChEMBL
Q9NZD1	1	ChEMBL
Q9NZH0	1	ChEMBL
Q9NZV8	1	ChEMBL
Q9P032	1	ChEMBL
Q9P0J0	1	ChEMBL
Q9P0L2	1	ChEMBL
Q9QYJ6	1	MTPRC
Q9QYN8	1	MTPRC
Q9R0C9	1	MTPRC
Q9R0Q8	1	ChEMBL
Q9R152	1	ChEMBL
Q9R1M7	1	ChEMBL
Q9TSZ3	1	ChEMBL
Q9TT90	1	ChEMBL
Q9U5N1	1	ChEMBL
Q9UBF8	1	MTPRC
Q9UBL3	1	ChEMBL
Q9UBN7	1	MTPRC
Q9UBY0	1	ChEMBL
Q9UDW1	1	ChEMBL
Q9UFN0	1	ChEMBL
Q9UGP8	1	ChEMBL
Q9UHD2	1	MTPRC
Q9UHL4	1	MTPRC
Q9UI09	1	ChEMBL
Q9UI12	1	ChEMBL
Q9UIQ6	1	ChEMBL
Q9UIX4	1	ChEMBL
Q9UJ71	1	ChEMBL
Q9UJ96	1	ChEMBL
Q9UK17	1	ChEMBL
Q9UK41	1	ChEMBL
Q9UKE5	1	MTPRC
Q9UKG9	1	ChEMBL
Q9UKP6	1	MTPRC
Q9UKV0	1	MTPRC
Q9UL54	1	ChEMBL
Q9ULA0	1	ChEMBL
Q9ULD8	1	ChEMBL
Q9ULK0	1	ChEMBL
Q9ULS6	1	ChEMBL
Q9ULU4	1	ChEMBL
Q9ULV8	1	ChEMBL
Q9ULY5	1	ChEMBL
Q9UM73	1	MTPRC
Q9UNA0	1	MTPRC
Q9UNF0	1	ChEMBL
Q9UNQ0	1	MTPRC
Q9UP65	1	ChEMBL
Q9UQ05	1	ChEMBL
Q9UQB9	1	ChEMBL
Q9UQL6	1	MTPRC
Q9UUZ4	1	ChEMBL
Q9VPQ8	1	ChEMBL
Q9W3G6	1	ChEMBL
Q9WMX2	1	ChEMBL
Q9WTQ0	1	ChEMBL
Q9WTR4	1	MTPRC
Q9WTU6	1	ChEMBL
Q9WUD9	1	ChEMBL
Q9WVE8	1	ChEMBL
Q9WVM4	1	ChEMBL
Q9XFS9	1	ChEMBL
Q9Y233	1	MTPRC
Q9Y251	1	MTPRC
Q9Y265	1	ChEMBL
Q9Y266	1	ChEMBL
Q9Y2A9	1	ChEMBL
Q9Y375	1	ChEMBL
Q9Y463	1	MTPRC
Q9Y4L1	1	ChEMBL
Q9Y530	1	ChEMBL
Q9Y5K5	1	ChEMBL
Q9Y5N1	1	MTPRC
Q9Y5Y4	1	MTPRC
Q9Y5Z0	1	MTPRC
Q9Y618	1	ChEMBL
Q9Y653	1	ChEMBL
Q9Y6E0	1	ChEMBL
Q9Y6F1	1	ChEMBL
Q9Y6L6	1	ChEMBL
Q9Y6M9	1	ChEMBL
Q9Y6Q9	1	ChEMBL
Q9YQ12	1	MTPRC
Q9Z0Y9	1	ChEMBL
Q9Z2A7	1	ChEMBL
Q9Z2W8	1	ChEMBL
Q9Z2W9	1	ChEMBL
W8T2T2	1	ChEMBL
